ID,Total %,Bound,OP Code,Device,Device Time,Op-to-Op Gap,Cores,DRAM,DRAM %,FLOPs,FLOPs %,Math Fidelity,Output Datatype,Input 0 Datatype,Input 1 Datatype,DRAM Sharded,Input 0 Memory,Inner Dim Block Size,Output Subblock H,Output Subblock W,Global Call Count,Advice
152,1.2029799194866475,,LayerNormDeviceOperation,1,116.211,,32,,,,,"BF16, BF16 => BF16",BFLOAT16,BFLOAT16,BFLOAT16,False,DEV_0_DRAM_INTERLEAVED,,,,153601.0,
153,6.091429620793892,FLOP,MatmulDeviceOperation b={32} x 32 x 5120 x 7168,1,587.921,0.527,64.0,105.22839633216026,20.55242115862505,127.84358388286861,72.24956590602655,HiFi2 BF16 x BFP8 => BF16,BFLOAT16,BFLOAT16,BFLOAT8_B,False,DEV_0_DRAM_INTERLEAVED,1,1,7,154625.0,
154,1.04509598653701,,NlpCreateHeadsDeviceOperation,1,100.351,0.608,32,,,,,BF16 => BF16,BFLOAT16,BFLOAT16,nan,False,DEV_0_DRAM_INTERLEAVED,,,,155649.0,
155,0.02252527131513321,,SliceDeviceOperation,1,1.613,0.563,4,,,,,BF16 => BF16,BFLOAT16,BFLOAT16,nan,False,DEV_0_DRAM_INTERLEAVED,,,,156673.0,
156,0.02252527131513321,,SliceDeviceOperation,1,1.526,0.65,4,,,,,BF16 => BF16,BFLOAT16,BFLOAT16,nan,False,DEV_0_DRAM_INTERLEAVED,,,,157697.0,
157,2.0097490119573376,,RotaryEmbeddingDeviceOperation,1,193.684,0.463,110,,,,,"BF16, BF16 => BF16",BFLOAT16,BFLOAT16,BFLOAT16,False,DEV_0_DRAM_INTERLEAVED,,,,158721.0,
158,0.5220252330656492,,RotaryEmbeddingDeviceOperation,1,49.936,0.493,110,,,,,"BF16, BF16 => BF16",BFLOAT16,BFLOAT16,BFLOAT16,False,DEV_0_DRAM_INTERLEAVED,,,,159745.0,
159,0.5639806212275218,,SliceDeviceOperation,1,54.022,0.46,110,,,,,BF16 => BF16,BFLOAT16,BFLOAT16,nan,False,DEV_0_DRAM_INTERLEAVED,,,,160769.0,
160,0.1293339796926812,,SliceDeviceOperation,1,11.91,0.584,110,,,,,BF16 => BF16,BFLOAT16,BFLOAT16,nan,False,DEV_0_DRAM_INTERLEAVED,,,,161793.0,
161,0.08635377449946748,,TypecastDeviceOperation,1,7.764,0.578,110,,,,,BF16 => BFP8,BFLOAT8_B,BFLOAT16,nan,False,DEV_0_DRAM_INTERLEAVED,,,,162817.0,
162,0.0914675079689876,,TypecastDeviceOperation,1,8.35,0.486,110,,,,,BF16 => BFP8,BFLOAT8_B,BFLOAT16,nan,False,DEV_0_DRAM_INTERLEAVED,,,,163841.0,
163,0.02389169402358798,,SliceDeviceOperation,1,1.749,0.559,32,,,,,BFP8 => BFP8,BFLOAT8_B,BFLOAT8_B,nan,False,DEV_0_DRAM_INTERLEAVED,,,,164865.0,
164,0.023042855674396377,,SliceDeviceOperation,1,1.659,0.567,32,,,,,BFP8 => BFP8,BFLOAT8_B,BFLOAT8_B,nan,False,DEV_0_DRAM_INTERLEAVED,,,,165889.0,
165,0.03407775421388719,,UpdateKVCacheOperation,1,2.781,0.511,8,,,,,"BFP8, BFP8 => BFP8",BFLOAT8_B,BFLOAT8_B,BFLOAT8_B,False,DEV_0_DRAM_INTERLEAVED,,,,166913.0,
166,0.035723672476344066,,UpdateKVCacheOperation,1,2.772,0.679,8,,,,,"BFP8, BFP8 => BFP8",BFLOAT8_B,BFLOAT8_B,BFLOAT8_B,False,DEV_0_DRAM_INTERLEAVED,,,,167937.0,
167,0.02288758036661743,,SliceDeviceOperation,1,1.6,0.611,32,,,,,BFP8 => BFP8,BFLOAT8_B,BFLOAT8_B,nan,False,DEV_0_DRAM_INTERLEAVED,,,,168961.0,
168,0.02294969048972901,,SliceDeviceOperation,1,1.604,0.613,32,,,,,BFP8 => BFP8,BFLOAT8_B,BFLOAT8_B,nan,False,DEV_0_DRAM_INTERLEAVED,,,,169985.0,
169,0.036748489507685146,,UpdateKVCacheOperation,1,2.984,0.566,8,,,,,"BFP8, BFP8 => BFP8",BFLOAT8_B,BFLOAT8_B,BFLOAT8_B,False,DEV_0_DRAM_INTERLEAVED,,,,171009.0,
170,0.03626196020997777,,UpdateKVCacheOperation,1,2.93,0.573,8,,,,,"BFP8, BFP8 => BFP8",BFLOAT8_B,BFLOAT8_B,BFLOAT8_B,False,DEV_0_DRAM_INTERLEAVED,,,,172033.0,
171,0.023125669171878485,,SliceDeviceOperation,1,1.622,0.612,32,,,,,BFP8 => BFP8,BFLOAT8_B,BFLOAT8_B,nan,False,DEV_0_DRAM_INTERLEAVED,,,,173057.0,
172,0.023218834356545856,,SliceDeviceOperation,1,1.642,0.601,32,,,,,BFP8 => BFP8,BFLOAT8_B,BFLOAT8_B,nan,False,DEV_0_DRAM_INTERLEAVED,,,,174081.0,
173,0.036468993953683033,,UpdateKVCacheOperation,1,2.973,0.55,8,,,,,"BFP8, BFP8 => BFP8",BFLOAT8_B,BFLOAT8_B,BFLOAT8_B,False,DEV_0_DRAM_INTERLEAVED,,,,175105.0,
174,0.037007281687316734,,UpdateKVCacheOperation,1,2.991,0.584,8,,,,,"BFP8, BFP8 => BFP8",BFLOAT8_B,BFLOAT8_B,BFLOAT8_B,False,DEV_0_DRAM_INTERLEAVED,,,,176129.0,
175,0.02292898711535848,,SliceDeviceOperation,1,1.608,0.607,32,,,,,BFP8 => BFP8,BFLOAT8_B,BFLOAT8_B,nan,False,DEV_0_DRAM_INTERLEAVED,,,,177153.0,
176,0.02299109723847006,,SliceDeviceOperation,1,1.599,0.622,32,,,,,BFP8 => BFP8,BFLOAT8_B,BFLOAT8_B,nan,False,DEV_0_DRAM_INTERLEAVED,,,,178177.0,
177,0.03578578259945565,,UpdateKVCacheOperation,1,2.895,0.562,8,,,,,"BFP8, BFP8 => BFP8",BFLOAT8_B,BFLOAT8_B,BFLOAT8_B,False,DEV_0_DRAM_INTERLEAVED,,,,179201.0,
178,0.03578578259945565,,UpdateKVCacheOperation,1,2.85,0.607,8,,,,,"BFP8, BFP8 => BFP8",BFLOAT8_B,BFLOAT8_B,BFLOAT8_B,False,DEV_0_DRAM_INTERLEAVED,,,,180225.0,
179,0.023136020859063747,,SliceDeviceOperation,1,1.633,0.602,32,,,,,BFP8 => BFP8,BFLOAT8_B,BFLOAT8_B,nan,False,DEV_0_DRAM_INTERLEAVED,,,,181249.0,
180,0.023032503987211114,,SliceDeviceOperation,1,1.605,0.62,32,,,,,BFP8 => BFP8,BFLOAT8_B,BFLOAT8_B,nan,False,DEV_0_DRAM_INTERLEAVED,,,,182273.0,
181,0.03551663873263881,,UpdateKVCacheOperation,1,2.879,0.552,8,,,,,"BFP8, BFP8 => BFP8",BFLOAT8_B,BFLOAT8_B,BFLOAT8_B,False,DEV_0_DRAM_INTERLEAVED,,,,183297.0,
182,0.03578578259945565,,UpdateKVCacheOperation,1,2.87,0.587,8,,,,,"BFP8, BFP8 => BFP8",BFLOAT8_B,BFLOAT8_B,BFLOAT8_B,False,DEV_0_DRAM_INTERLEAVED,,,,184321.0,
183,0.023218834356545856,,SliceDeviceOperation,1,1.633,0.61,32,,,,,BFP8 => BFP8,BFLOAT8_B,BFLOAT8_B,nan,False,DEV_0_DRAM_INTERLEAVED,,,,185345.0,
184,0.023436219787436388,,SliceDeviceOperation,1,1.643,0.621,32,,,,,BFP8 => BFP8,BFLOAT8_B,BFLOAT8_B,nan,False,DEV_0_DRAM_INTERLEAVED,,,,186369.0,
185,0.03693481987701989,,UpdateKVCacheOperation,1,2.978,0.59,8,,,,,"BFP8, BFP8 => BFP8",BFLOAT8_B,BFLOAT8_B,BFLOAT8_B,False,DEV_0_DRAM_INTERLEAVED,,,,187393.0,
186,0.03634477370745988,,UpdateKVCacheOperation,1,2.927,0.584,8,,,,,"BFP8, BFP8 => BFP8",BFLOAT8_B,BFLOAT8_B,BFLOAT8_B,False,DEV_0_DRAM_INTERLEAVED,,,,188417.0,
187,0.022887580366617425,,SliceDeviceOperation,1,1.599,0.612,32,,,,,BFP8 => BFP8,BFLOAT8_B,BFLOAT8_B,nan,False,DEV_0_DRAM_INTERLEAVED,,,,189441.0,
188,0.026759111373905946,,SliceDeviceOperation,1,0.884,1.701,32,,,,,BFP8 => BFP8,BFLOAT8_B,BFLOAT8_B,nan,False,DEV_0_DRAM_INTERLEAVED,,,,190465.0,
189,0.036075629840643025,,UpdateKVCacheOperation,1,2.037,1.448,8,,,,,"BFP8, BFP8 => BFP8",BFLOAT8_B,BFLOAT8_B,BFLOAT8_B,False,DEV_0_DRAM_INTERLEAVED,,,,191489.0,
190,0.03612738827656935,,UpdateKVCacheOperation,1,2.107,1.383,8,,,,,"BFP8, BFP8 => BFP8",BFLOAT8_B,BFLOAT8_B,BFLOAT8_B,False,DEV_0_DRAM_INTERLEAVED,,,,192513.0,
191,0.026003438209381717,,SliceDeviceOperation,1,0.895,1.617,32,,,,,BFP8 => BFP8,BFLOAT8_B,BFLOAT8_B,nan,False,DEV_0_DRAM_INTERLEAVED,,,,193537.0,
192,0.049864077171413904,,SliceDeviceOperation,1,0.867,3.95,32,,,,,BFP8 => BFP8,BFLOAT8_B,BFLOAT8_B,nan,False,DEV_0_DRAM_INTERLEAVED,,,,194561.0,
193,0.03571332078915881,,UpdateKVCacheOperation,1,2.063,1.387,8,,,,,"BFP8, BFP8 => BFP8",BFLOAT8_B,BFLOAT8_B,BFLOAT8_B,False,DEV_0_DRAM_INTERLEAVED,,,,195585.0,
194,0.03582718934819671,,UpdateKVCacheOperation,1,2.132,1.329,8,,,,,"BFP8, BFP8 => BFP8",BFLOAT8_B,BFLOAT8_B,BFLOAT8_B,False,DEV_0_DRAM_INTERLEAVED,,,,196609.0,
195,0.025837811214417503,,SliceDeviceOperation,1,0.887,1.609,32,,,,,BFP8 => BFP8,BFLOAT8_B,BFLOAT8_B,nan,False,DEV_0_DRAM_INTERLEAVED,,,,197633.0,
196,0.04981231873548758,,SliceDeviceOperation,1,0.859,3.953,32,,,,,BFP8 => BFP8,BFLOAT8_B,BFLOAT8_B,nan,False,DEV_0_DRAM_INTERLEAVED,,,,198657.0,
197,0.03544417692234196,,UpdateKVCacheOperation,1,2.036,1.388,8,,,,,"BFP8, BFP8 => BFP8",BFLOAT8_B,BFLOAT8_B,BFLOAT8_B,False,DEV_0_DRAM_INTERLEAVED,,,,199681.0,
198,0.03613773996375461,,UpdateKVCacheOperation,1,2.124,1.367,8,,,,,"BFP8, BFP8 => BFP8",BFLOAT8_B,BFLOAT8_B,BFLOAT8_B,False,DEV_0_DRAM_INTERLEAVED,,,,200705.0,
199,0.02706966198946385,,SliceDeviceOperation,1,0.914,1.701,32,,,,,BFP8 => BFP8,BFLOAT8_B,BFLOAT8_B,nan,False,DEV_0_DRAM_INTERLEAVED,,,,201729.0,
200,0.05014357272541603,,SliceDeviceOperation,1,0.901,3.943,32,,,,,BFP8 => BFP8,BFLOAT8_B,BFLOAT8_B,nan,False,DEV_0_DRAM_INTERLEAVED,,,,202753.0,
201,0.035423473547971436,,UpdateKVCacheOperation,1,2.099,1.323,8,,,,,"BFP8, BFP8 => BFP8",BFLOAT8_B,BFLOAT8_B,BFLOAT8_B,False,DEV_0_DRAM_INTERLEAVED,,,,203777.0,
202,0.03591000284567881,,UpdateKVCacheOperation,1,2.155,1.314,8,,,,,"BFP8, BFP8 => BFP8",BFLOAT8_B,BFLOAT8_B,BFLOAT8_B,False,DEV_0_DRAM_INTERLEAVED,,,,204801.0,
203,0.025827459527232238,,SliceDeviceOperation,1,0.907,1.588,32,,,,,BFP8 => BFP8,BFLOAT8_B,BFLOAT8_B,nan,False,DEV_0_DRAM_INTERLEAVED,,,,205825.0,
204,0.05034025478193602,,SliceDeviceOperation,1,0.934,3.929,32,,,,,BFP8 => BFP8,BFLOAT8_B,BFLOAT8_B,nan,False,DEV_0_DRAM_INTERLEAVED,,,,206849.0,
205,0.034429711578186147,,UpdateKVCacheOperation,1,2.016,1.31,8,,,,,"BFP8, BFP8 => BFP8",BFLOAT8_B,BFLOAT8_B,BFLOAT8_B,False,DEV_0_DRAM_INTERLEAVED,,,,207873.0,
206,0.03686235806672304,,UpdateKVCacheOperation,1,2.121,1.44,8,,,,,"BFP8, BFP8 => BFP8",BFLOAT8_B,BFLOAT8_B,BFLOAT8_B,False,DEV_0_DRAM_INTERLEAVED,,,,208897.0,
207,0.02610695508123435,,SliceDeviceOperation,1,0.886,1.636,32,,,,,BFP8 => BFP8,BFLOAT8_B,BFLOAT8_B,nan,False,DEV_0_DRAM_INTERLEAVED,,,,209921.0,
208,0.05041271659223286,,SliceDeviceOperation,1,0.908,3.962,32,,,,,BFP8 => BFP8,BFLOAT8_B,BFLOAT8_B,nan,False,DEV_0_DRAM_INTERLEAVED,,,,210945.0,
209,0.03484377906559667,,UpdateKVCacheOperation,1,2.041,1.325,8,,,,,"BFP8, BFP8 => BFP8",BFLOAT8_B,BFLOAT8_B,BFLOAT8_B,False,DEV_0_DRAM_INTERLEAVED,,,,211969.0,
210,0.0371315019335399,,UpdateKVCacheOperation,1,2.164,1.423,8,,,,,"BFP8, BFP8 => BFP8",BFLOAT8_B,BFLOAT8_B,BFLOAT8_B,False,DEV_0_DRAM_INTERLEAVED,,,,212993.0,
211,0.02539268866545117,,SliceDeviceOperation,1,0.924,1.529,32,,,,,BFP8 => BFP8,BFLOAT8_B,BFLOAT8_B,nan,False,DEV_0_DRAM_INTERLEAVED,,,,214017.0,
212,0.050588695274382346,,SliceDeviceOperation,1,0.888,3.999,32,,,,,BFP8 => BFP8,BFLOAT8_B,BFLOAT8_B,nan,False,DEV_0_DRAM_INTERLEAVED,,,,215041.0,
213,0.034988702686190365,,UpdateKVCacheOperation,1,2.008,1.372,8,,,,,"BFP8, BFP8 => BFP8",BFLOAT8_B,BFLOAT8_B,BFLOAT8_B,False,DEV_0_DRAM_INTERLEAVED,,,,216065.0,
214,0.03711079855916937,,UpdateKVCacheOperation,1,2.143,1.442,8,,,,,"BFP8, BFP8 => BFP8",BFLOAT8_B,BFLOAT8_B,BFLOAT8_B,False,DEV_0_DRAM_INTERLEAVED,,,,217089.0,
215,0.025413392039821705,,SliceDeviceOperation,1,0.91,1.545,32,,,,,BFP8 => BFP8,BFLOAT8_B,BFLOAT8_B,nan,False,DEV_0_DRAM_INTERLEAVED,,,,218113.0,
216,0.04979161536111707,,SliceDeviceOperation,1,0.876,3.934,32,,,,,BFP8 => BFP8,BFLOAT8_B,BFLOAT8_B,nan,False,DEV_0_DRAM_INTERLEAVED,,,,219137.0,
217,0.03505081280930195,,UpdateKVCacheOperation,1,2.029,1.357,8,,,,,"BFP8, BFP8 => BFP8",BFLOAT8_B,BFLOAT8_B,BFLOAT8_B,False,DEV_0_DRAM_INTERLEAVED,,,,220161.0,
218,0.037017633374502,,UpdateKVCacheOperation,1,2.21,1.366,8,,,,,"BFP8, BFP8 => BFP8",BFLOAT8_B,BFLOAT8_B,BFLOAT8_B,False,DEV_0_DRAM_INTERLEAVED,,,,221185.0,
219,0.025185654921745907,,SliceDeviceOperation,1,0.881,1.552,32,,,,,BFP8 => BFP8,BFLOAT8_B,BFLOAT8_B,nan,False,DEV_0_DRAM_INTERLEAVED,,,,222209.0,
220,0.05017462778697181,,SliceDeviceOperation,1,0.88,3.967,32,,,,,BFP8 => BFP8,BFLOAT8_B,BFLOAT8_B,nan,False,DEV_0_DRAM_INTERLEAVED,,,,223233.0,
221,0.035878947784123025,,UpdateKVCacheOperation,1,2.039,1.427,8,,,,,"BFP8, BFP8 => BFP8",BFLOAT8_B,BFLOAT8_B,BFLOAT8_B,False,DEV_0_DRAM_INTERLEAVED,,,,224257.0,
222,0.03711079855916937,,UpdateKVCacheOperation,1,2.231,1.354,8,,,,,"BFP8, BFP8 => BFP8",BFLOAT8_B,BFLOAT8_B,BFLOAT8_B,False,DEV_0_DRAM_INTERLEAVED,,,,225281.0,
223,0.02482334587026169,,SliceDeviceOperation,1,0.886,1.512,32,,,,,BFP8 => BFP8,BFLOAT8_B,BFLOAT8_B,nan,False,DEV_0_DRAM_INTERLEAVED,,,,226305.0,
224,0.05034025478193602,,SliceDeviceOperation,1,0.906,3.957,32,,,,,BFP8 => BFP8,BFLOAT8_B,BFLOAT8_B,nan,False,DEV_0_DRAM_INTERLEAVED,,,,227329.0,
225,0.035878947784123025,,UpdateKVCacheOperation,1,2.131,1.335,8,,,,,"BFP8, BFP8 => BFP8",BFLOAT8_B,BFLOAT8_B,BFLOAT8_B,False,DEV_0_DRAM_INTERLEAVED,,,,228353.0,
226,0.03717290868228095,,UpdateKVCacheOperation,1,2.289,1.302,8,,,,,"BFP8, BFP8 => BFP8",BFLOAT8_B,BFLOAT8_B,BFLOAT8_B,False,DEV_0_DRAM_INTERLEAVED,,,,229377.0,
227,0.024026265956996407,,SliceDeviceOperation,1,0.88,1.441,32,,,,,BFP8 => BFP8,BFLOAT8_B,BFLOAT8_B,nan,False,DEV_0_DRAM_INTERLEAVED,,,,230401.0,
228,0.05046447502815918,,SliceDeviceOperation,1,0.912,3.963,32,,,,,BFP8 => BFP8,BFLOAT8_B,BFLOAT8_B,nan,False,DEV_0_DRAM_INTERLEAVED,,,,231425.0,
229,0.03554769379419459,,UpdateKVCacheOperation,1,2.118,1.316,8,,,,,"BFP8, BFP8 => BFP8",BFLOAT8_B,BFLOAT8_B,BFLOAT8_B,False,DEV_0_DRAM_INTERLEAVED,,,,232449.0,
230,0.035444176922341954,,UpdateKVCacheOperation,1,2.159,1.265,8,,,,,"BFP8, BFP8 => BFP8",BFLOAT8_B,BFLOAT8_B,BFLOAT8_B,False,DEV_0_DRAM_INTERLEAVED,,,,233473.0,
231,0.026614187753312257,,SliceDeviceOperation,1,0.891,1.68,32,,,,,BFP8 => BFP8,BFLOAT8_B,BFLOAT8_B,nan,False,DEV_0_DRAM_INTERLEAVED,,,,234497.0,
232,0.049988297417637065,,SliceDeviceOperation,1,0.868,3.961,32,,,,,BFP8 => BFP8,BFLOAT8_B,BFLOAT8_B,nan,False,DEV_0_DRAM_INTERLEAVED,,,,235521.0,
233,0.035299253301748275,,UpdateKVCacheOperation,1,2.061,1.349,8,,,,,"BFP8, BFP8 => BFP8",BFLOAT8_B,BFLOAT8_B,BFLOAT8_B,False,DEV_0_DRAM_INTERLEAVED,,,,236545.0,
234,0.03580648597382618,,UpdateKVCacheOperation,1,2.099,1.36,8,,,,,"BFP8, BFP8 => BFP8",BFLOAT8_B,BFLOAT8_B,BFLOAT8_B,False,DEV_0_DRAM_INTERLEAVED,,,,237569.0,
235,0.02603449327093751,,SliceDeviceOperation,1,0.895,1.62,32,,,,,BFP8 => BFP8,BFLOAT8_B,BFLOAT8_B,nan,False,DEV_0_DRAM_INTERLEAVED,,,,238593.0,
236,0.05068186045904972,,SliceDeviceOperation,1,0.933,3.963,32,,,,,BFP8 => BFP8,BFLOAT8_B,BFLOAT8_B,nan,False,DEV_0_DRAM_INTERLEAVED,,,,239617.0,
237,0.03506116449648722,,UpdateKVCacheOperation,1,2.071,1.316,8,,,,,"BFP8, BFP8 => BFP8",BFLOAT8_B,BFLOAT8_B,BFLOAT8_B,False,DEV_0_DRAM_INTERLEAVED,,,,240641.0,
238,0.035744375850714605,,UpdateKVCacheOperation,1,2.115,1.338,8,,,,,"BFP8, BFP8 => BFP8",BFLOAT8_B,BFLOAT8_B,BFLOAT8_B,False,DEV_0_DRAM_INTERLEAVED,,,,241665.0,
239,0.026396802322421725,,SliceDeviceOperation,1,0.858,1.692,32,,,,,BFP8 => BFP8,BFLOAT8_B,BFLOAT8_B,nan,False,DEV_0_DRAM_INTERLEAVED,,,,242689.0,
240,0.05029884803319497,,SliceDeviceOperation,1,0.891,3.968,32,,,,,BFP8 => BFP8,BFLOAT8_B,BFLOAT8_B,nan,False,DEV_0_DRAM_INTERLEAVED,,,,243713.0,
241,0.03533030836330406,,UpdateKVCacheOperation,1,2.06,1.353,8,,,,,"BFP8, BFP8 => BFP8",BFLOAT8_B,BFLOAT8_B,BFLOAT8_B,False,DEV_0_DRAM_INTERLEAVED,,,,244737.0,
242,0.03597211296879039,,UpdateKVCacheOperation,1,2.131,1.344,8,,,,,"BFP8, BFP8 => BFP8",BFLOAT8_B,BFLOAT8_B,BFLOAT8_B,False,DEV_0_DRAM_INTERLEAVED,,,,245761.0,
243,0.02586886627597329,,SliceDeviceOperation,1,0.897,1.602,32,,,,,BFP8 => BFP8,BFLOAT8_B,BFLOAT8_B,nan,False,DEV_0_DRAM_INTERLEAVED,,,,246785.0,
244,0.051064872884904466,,SliceDeviceOperation,1,0.889,4.044,32,,,,,BFP8 => BFP8,BFLOAT8_B,BFLOAT8_B,nan,False,DEV_0_DRAM_INTERLEAVED,,,,247809.0,
245,0.03496799931181985,,UpdateKVCacheOperation,1,2.025,1.353,8,,,,,"BFP8, BFP8 => BFP8",BFLOAT8_B,BFLOAT8_B,BFLOAT8_B,False,DEV_0_DRAM_INTERLEAVED,,,,248833.0,
246,0.03560980391730617,,UpdateKVCacheOperation,1,2.069,1.371,8,,,,,"BFP8, BFP8 => BFP8",BFLOAT8_B,BFLOAT8_B,BFLOAT8_B,False,DEV_0_DRAM_INTERLEAVED,,,,249857.0,
247,0.02661418775331226,,SliceDeviceOperation,1,0.884,1.687,32,,,,,BFP8 => BFP8,BFLOAT8_B,BFLOAT8_B,nan,False,DEV_0_DRAM_INTERLEAVED,,,,250881.0,
248,0.05049553008971497,,SliceDeviceOperation,1,0.916,3.962,32,,,,,BFP8 => BFP8,BFLOAT8_B,BFLOAT8_B,nan,False,DEV_0_DRAM_INTERLEAVED,,,,251905.0,
249,0.03480237231685563,,UpdateKVCacheOperation,1,2.026,1.336,8,,,,,"BFP8, BFP8 => BFP8",BFLOAT8_B,BFLOAT8_B,BFLOAT8_B,False,DEV_0_DRAM_INTERLEAVED,,,,252929.0,
250,0.036168795025310396,,UpdateKVCacheOperation,1,2.127,1.367,8,,,,,"BFP8, BFP8 => BFP8",BFLOAT8_B,BFLOAT8_B,BFLOAT8_B,False,DEV_0_DRAM_INTERLEAVED,,,,253953.0,
251,0.026324340512124886,,SliceDeviceOperation,1,0.902,1.641,32,,,,,BFP8 => BFP8,BFLOAT8_B,BFLOAT8_B,nan,False,DEV_0_DRAM_INTERLEAVED,,,,254977.0,
252,0.0500918142894897,,SliceDeviceOperation,1,0.895,3.944,32,,,,,BFP8 => BFP8,BFLOAT8_B,BFLOAT8_B,nan,False,DEV_0_DRAM_INTERLEAVED,,,,256001.0,
253,0.03578578259945565,,UpdateKVCacheOperation,1,2.035,1.422,8,,,,,"BFP8, BFP8 => BFP8",BFLOAT8_B,BFLOAT8_B,BFLOAT8_B,False,DEV_0_DRAM_INTERLEAVED,,,,257025.0,
254,0.035982464655975654,,UpdateKVCacheOperation,1,2.082,1.394,8,,,,,"BFP8, BFP8 => BFP8",BFLOAT8_B,BFLOAT8_B,BFLOAT8_B,False,DEV_0_DRAM_INTERLEAVED,,,,258049.0,
255,0.02610695508123435,,SliceDeviceOperation,1,0.868,1.654,32,,,,,BFP8 => BFP8,BFLOAT8_B,BFLOAT8_B,nan,False,DEV_0_DRAM_INTERLEAVED,,,,259073.0,
256,0.050402364905047604,,SliceDeviceOperation,1,0.877,3.992,32,,,,,BFP8 => BFP8,BFLOAT8_B,BFLOAT8_B,nan,False,DEV_0_DRAM_INTERLEAVED,,,,260097.0,
257,0.03533030836330406,,UpdateKVCacheOperation,1,2.057,1.356,8,,,,,"BFP8, BFP8 => BFP8",BFLOAT8_B,BFLOAT8_B,BFLOAT8_B,False,DEV_0_DRAM_INTERLEAVED,,,,261121.0,
258,0.03570296910197354,,UpdateKVCacheOperation,1,2.109,1.34,8,,,,,"BFP8, BFP8 => BFP8",BFLOAT8_B,BFLOAT8_B,BFLOAT8_B,False,DEV_0_DRAM_INTERLEAVED,,,,262145.0,
259,0.025993086522196455,,SliceDeviceOperation,1,0.892,1.619,32,,,,,BFP8 => BFP8,BFLOAT8_B,BFLOAT8_B,nan,False,DEV_0_DRAM_INTERLEAVED,,,,263169.0,
260,0.05044377165378866,,SliceDeviceOperation,1,0.916,3.957,32,,,,,BFP8 => BFP8,BFLOAT8_B,BFLOAT8_B,nan,False,DEV_0_DRAM_INTERLEAVED,,,,264193.0,
261,0.035361363424859855,,UpdateKVCacheOperation,1,2.096,1.32,8,,,,,"BFP8, BFP8 => BFP8",BFLOAT8_B,BFLOAT8_B,BFLOAT8_B,False,DEV_0_DRAM_INTERLEAVED,,,,265217.0,
262,0.03548558367108301,,UpdateKVCacheOperation,1,2.126,1.302,8,,,,,"BFP8, BFP8 => BFP8",BFLOAT8_B,BFLOAT8_B,BFLOAT8_B,False,DEV_0_DRAM_INTERLEAVED,,,,266241.0,
263,0.026769463061091212,,SliceDeviceOperation,1,0.881,1.705,32,,,,,BFP8 => BFP8,BFLOAT8_B,BFLOAT8_B,nan,False,DEV_0_DRAM_INTERLEAVED,,,,267265.0,
264,0.050526585151270766,,SliceDeviceOperation,1,0.92,3.961,32,,,,,BFP8 => BFP8,BFLOAT8_B,BFLOAT8_B,nan,False,DEV_0_DRAM_INTERLEAVED,,,,268289.0,
265,0.03570296910197354,,UpdateKVCacheOperation,1,2.124,1.325,8,,,,,"BFP8, BFP8 => BFP8",BFLOAT8_B,BFLOAT8_B,BFLOAT8_B,False,DEV_0_DRAM_INTERLEAVED,,,,269313.0,
266,0.03644829057931251,,UpdateKVCacheOperation,1,2.188,1.333,8,,,,,"BFP8, BFP8 => BFP8",BFLOAT8_B,BFLOAT8_B,BFLOAT8_B,False,DEV_0_DRAM_INTERLEAVED,,,,270337.0,
267,0.024668070562482738,,SliceDeviceOperation,1,0.867,1.516,32,,,,,BFP8 => BFP8,BFLOAT8_B,BFLOAT8_B,nan,False,DEV_0_DRAM_INTERLEAVED,,,,271361.0,
268,0.05037130984349182,,SliceDeviceOperation,1,0.884,3.982,32,,,,,BFP8 => BFP8,BFLOAT8_B,BFLOAT8_B,nan,False,DEV_0_DRAM_INTERLEAVED,,,,272385.0,
269,0.03578578259945565,,UpdateKVCacheOperation,1,2.085,1.372,8,,,,,"BFP8, BFP8 => BFP8",BFLOAT8_B,BFLOAT8_B,BFLOAT8_B,False,DEV_0_DRAM_INTERLEAVED,,,,273409.0,
270,0.0356305072916767,,UpdateKVCacheOperation,1,2.087,1.355,8,,,,,"BFP8, BFP8 => BFP8",BFLOAT8_B,BFLOAT8_B,BFLOAT8_B,False,DEV_0_DRAM_INTERLEAVED,,,,274433.0,
271,0.026148361829975403,,SliceDeviceOperation,1,0.861,1.665,32,,,,,BFP8 => BFP8,BFLOAT8_B,BFLOAT8_B,nan,False,DEV_0_DRAM_INTERLEAVED,,,,275457.0,
272,0.050371309843491814,,SliceDeviceOperation,1,0.89,3.976,32,,,,,BFP8 => BFP8,BFLOAT8_B,BFLOAT8_B,nan,False,DEV_0_DRAM_INTERLEAVED,,,,276481.0,
273,0.03545452860952722,,UpdateKVCacheOperation,1,2.07,1.355,8,,,,,"BFP8, BFP8 => BFP8",BFLOAT8_B,BFLOAT8_B,BFLOAT8_B,False,DEV_0_DRAM_INTERLEAVED,,,,277505.0,
274,0.035506287045453534,,UpdateKVCacheOperation,1,2.046,1.384,8,,,,,"BFP8, BFP8 => BFP8",BFLOAT8_B,BFLOAT8_B,BFLOAT8_B,False,DEV_0_DRAM_INTERLEAVED,,,,278529.0,
275,0.02658313269175647,,SliceDeviceOperation,1,0.909,1.659,32,,,,,BFP8 => BFP8,BFLOAT8_B,BFLOAT8_B,nan,False,DEV_0_DRAM_INTERLEAVED,,,,279553.0,
276,0.05071291552060551,,SliceDeviceOperation,1,0.896,4.003,32,,,,,BFP8 => BFP8,BFLOAT8_B,BFLOAT8_B,nan,False,DEV_0_DRAM_INTERLEAVED,,,,280577.0,
277,0.035433825235156695,,UpdateKVCacheOperation,1,2.074,1.349,8,,,,,"BFP8, BFP8 => BFP8",BFLOAT8_B,BFLOAT8_B,BFLOAT8_B,False,DEV_0_DRAM_INTERLEAVED,,,,281601.0,
278,0.03643793889212725,,UpdateKVCacheOperation,1,2.176,1.344,8,,,,,"BFP8, BFP8 => BFP8",BFLOAT8_B,BFLOAT8_B,BFLOAT8_B,False,DEV_0_DRAM_INTERLEAVED,,,,282625.0,
279,0.026127658455604875,,SliceDeviceOperation,1,0.904,1.62,32,,,,,BFP8 => BFP8,BFLOAT8_B,BFLOAT8_B,nan,False,DEV_0_DRAM_INTERLEAVED,,,,283649.0,
280,0.05010216597667496,,SliceDeviceOperation,1,0.91,3.93,32,,,,,BFP8 => BFP8,BFLOAT8_B,BFLOAT8_B,nan,False,DEV_0_DRAM_INTERLEAVED,,,,284673.0,
281,0.03521643980426616,,UpdateKVCacheOperation,1,2.07,1.332,8,,,,,"BFP8, BFP8 => BFP8",BFLOAT8_B,BFLOAT8_B,BFLOAT8_B,False,DEV_0_DRAM_INTERLEAVED,,,,285697.0,
282,0.0362826635843483,,UpdateKVCacheOperation,1,2.172,1.333,8,,,,,"BFP8, BFP8 => BFP8",BFLOAT8_B,BFLOAT8_B,BFLOAT8_B,False,DEV_0_DRAM_INTERLEAVED,,,,286721.0,
283,0.026003438209381717,,SliceDeviceOperation,1,0.876,1.636,32,,,,,BFP8 => BFP8,BFLOAT8_B,BFLOAT8_B,nan,False,DEV_0_DRAM_INTERLEAVED,,,,287745.0,
284,0.059025320330372034,,SliceDeviceOperation,1,0.888,4.814,32,,,,,BFP8 => BFP8,BFLOAT8_B,BFLOAT8_B,nan,False,DEV_0_DRAM_INTERLEAVED,,,,288769.0,
285,0.04921192087874231,,UpdateKVCacheOperation,1,1.98,2.774,8,,,,,"BFP8, BFP8 => BFP8",BFLOAT8_B,BFLOAT8_B,BFLOAT8_B,False,DEV_0_DRAM_INTERLEAVED,,,,289793.0,
286,0.05160316061853817,,UpdateKVCacheOperation,1,1.993,2.992,8,,,,,"BFP8, BFP8 => BFP8",BFLOAT8_B,BFLOAT8_B,BFLOAT8_B,False,DEV_0_DRAM_INTERLEAVED,,,,290817.0,
287,0.20006705822958618,,SliceDeviceOperation,1,0.871,18.456,32,,,,,BFP8 => BFP8,BFLOAT8_B,BFLOAT8_B,nan,False,DEV_0_DRAM_INTERLEAVED,,,,291841.0,
288,0.12073172764172731,,SliceDeviceOperation,1,0.881,10.782,32,,,,,BFP8 => BFP8,BFLOAT8_B,BFLOAT8_B,nan,False,DEV_0_DRAM_INTERLEAVED,,,,292865.0,
289,0.05278325295765819,,UpdateKVCacheOperation,1,2.01,3.089,8,,,,,"BFP8, BFP8 => BFP8",BFLOAT8_B,BFLOAT8_B,BFLOAT8_B,False,DEV_0_DRAM_INTERLEAVED,,,,293889.0,
290,0.05082678407964341,,UpdateKVCacheOperation,1,2.057,2.853,8,,,,,"BFP8, BFP8 => BFP8",BFLOAT8_B,BFLOAT8_B,BFLOAT8_B,False,DEV_0_DRAM_INTERLEAVED,,,,294913.0,
291,1.631643285828406,,SDPAOperation,1,125.703,31.918,64,,,,,"BF16, BF16 => BF16",BFLOAT16,BFLOAT16,BFLOAT16,False,DEV_0_DRAM_INTERLEAVED,,,,295937.0,
292,0.7592237932287752,,NLPConcatHeadsDeviceOperation,1,72.796,0.547,32,,,,,BF16 => BF16,BFLOAT16,BFLOAT16,nan,False,DEV_0_DRAM_INTERLEAVED,,,,296961.0,
293,4.532631157688183,FLOP,MatmulDeviceOperation b={32} x 32 x 5120 x 5120,1,437.361,0.503,64.0,107.88780892672185,21.07183768100036,122.75235148995908,69.37230512263494,HiFi2 BF16 x BFP8 => BF16,BFLOAT16,BFLOAT16,BFLOAT8_B,False,DEV_0_DRAM_INTERLEAVED,1,1,5,297985.0,
294,0.7286656126578775,,BinaryNgDeviceOperation,1,69.833,0.558,110,,,,,"BF16, BF16 => BF16",BFLOAT16,BFLOAT16,BFLOAT16,False,DEV_0_DRAM_INTERLEAVED,,,,299009.0,
295,1.2098948465264034,,LayerNormDeviceOperation,1,116.392,0.487,32,,,,,"BF16, BF16 => BF16",BFLOAT16,BFLOAT16,BFLOAT16,False,DEV_0_DRAM_INTERLEAVED,,,,300033.0,
296,23.42454308429141,FLOP,MatmulDeviceOperation b={32} x 32 x 5120 x 27648,1,2262.379,0.493,64.0,92.23327479613273,18.014311483619675,128.1439990735416,72.41934264771729,HiFi2 BF16 x BFP8 => BF16,BFLOAT16,BFLOAT16,BFLOAT8_B,False,DEV_0_DRAM_INTERLEAVED,1,1,6,301057.0,
297,23.42956365257627,FLOP,MatmulDeviceOperation b={32} x 32 x 5120 x 27648,1,2262.789,0.568,64.0,92.21656283462575,18.01104742863784,128.1207803644087,72.4062208186446,HiFi2 BF16 x BFP8 => BF16,BFLOAT16,BFLOAT16,BFLOAT8_B,False,DEV_0_DRAM_INTERLEAVED,1,1,6,302081.0,
298,4.498946767587335,,BinaryNgDeviceOperation,1,434.049,0.561,110,,,,,"BF16, BF16 => BF16",BFLOAT16,BFLOAT16,BFLOAT16,False,DEV_0_DRAM_INTERLEAVED,,,,303105.0,
299,22.430046144715966,FLOP,MatmulDeviceOperation b={32} x 32 x 27648 x 5120,1,2166.239,0.562,64.0,96.3266860212562,18.8138058635266,133.8311665887282,75.6333904061371,HiFi2 BF16 x BFP8 => BF16,BFLOAT16,BFLOAT16,BFLOAT8_B,False,DEV_0_DRAM_INTERLEAVED,1,1,5,304129.0,
300,0.7263157796668228,,BinaryNgDeviceOperation,1,69.605,0.559,110,,,,,"BF16, BF16 => BF16",BFLOAT16,BFLOAT16,BFLOAT16,False,DEV_0_DRAM_INTERLEAVED,,,,305153.0,
