ID,Total %,Bound,OP Code,Device,Device Time,Op-to-Op Gap,Cores,DRAM,DRAM %,FLOPs,FLOPs %,Math Fidelity,Output Datatype,Input 0 Datatype,Input 1 Datatype,DRAM Sharded,Input 0 Memory,Inner Dim Block Size,Output Subblock H,Output Subblock W,Global Call Count,Raw OP Code
948,0.9541968657069266,,ReshapeViewDeviceOperation,2,43.611,,110,,,,,BF16 => BF16,BFLOAT16,BFLOAT16,nan,False,DEV_0_DRAM_INTERLEAVED,,,,242690.0,ReshapeViewDeviceOperation
951,9.104735090632946,,AllGatherAsyncDeviceOperation,0,83.5415,332.585,12,,,,,BF16 => BF16,BFLOAT16,BFLOAT16,nan,False,DEV_0_DRAM_INTERLEAVED,,,,243712.0,AllGatherAsyncDeviceOperation
957,1.6498409726589807,,LayerNormDeviceOperation,1,74.889,0.516,17,,,,,"BF16, BF16 => BF16",BFLOAT16,BFLOAT16,BFLOAT16,False,DEV_0_DRAM_INTERLEAVED,,,,244737.0,LayerNormDeviceOperation
962,1.6172182965733823,SLOW,MatmulDeviceOperation 544 x 5120 x 2560,0,73.347,0.567,90.0,203.27266282192866,39.701691957407945,194.42695134088646,39.06791556971902,LoFi BF16 x BFP4 => BF16,BFLOAT16,BFLOAT16,BFLOAT4_B,False,DEV_0_DRAM_INTERLEAVED,10,1,4,245760.0,MatmulDeviceOperation
963,2.068925303808243,,ReshapeViewDeviceOperation,3,94.038,0.521,110,,,,,BF16 => BF16,BFLOAT16,BFLOAT16,nan,False,DEV_0_DRAM_INTERLEAVED,,,,246787.0,ReshapeViewDeviceOperation
970,0.8564163563665251,,NlpCreateHeadsDeviceOperation,0,38.604,0.538,32,,,,,BF16 => BF16,BFLOAT16,BFLOAT16,nan,False,DEV_0_DRAM_INTERLEAVED,,,,247808.0,NlpCreateHeadsDeviceOperation
972,0.5999421718759931,,LayerNormDeviceOperation,2,26.951,0.469,110,,,,,"BF16, BF16 => BF16",BFLOAT16,BFLOAT16,BFLOAT16,False,DEV_0_DRAM_INTERLEAVED,,,,248834.0,LayerNormDeviceOperation
975,0.14455937015261439,,LayerNormDeviceOperation,3,6.066,0.541,64,,,,,"BF16, BF16 => BF16",BFLOAT16,BFLOAT16,BFLOAT16,False,DEV_0_DRAM_INTERLEAVED,,,,249859.0,LayerNormDeviceOperation
980,0.03890215833681677,,SliceDeviceOperation,2,1.125,0.653,4,,,,,BF16 => BF16,BFLOAT16,BFLOAT16,nan,False,DEV_0_DRAM_INTERLEAVED,,,,250882.0,SliceDeviceOperation
985,0.04979826342778118,,SliceDeviceOperation,1,1.136,1.14,4,,,,,BF16 => BF16,BFLOAT16,BFLOAT16,nan,False,DEV_0_DRAM_INTERLEAVED,,,,251905.0,SliceDeviceOperation
990,1.8841072321147159,,RotaryEmbeddingDeviceOperation,0,85.666,0.446,110,,,,,"BF16, BF16 => BF16",BFLOAT16,BFLOAT16,BFLOAT16,False,DEV_0_DRAM_INTERLEAVED,,,,252928.0,RotaryEmbeddingDeviceOperation
992,0.4034840843021586,,RotaryEmbeddingDeviceOperation,2,17.972,0.469,64,,,,,"BF16, BF16 => BF16",BFLOAT16,BFLOAT16,BFLOAT16,False,DEV_0_DRAM_INTERLEAVED,,,,253954.0,RotaryEmbeddingDeviceOperation
997,0.501724067953625,,SliceDeviceOperation,1,22.43,0.501,110,,,,,BF16 => BF16,BFLOAT16,BFLOAT16,nan,False,DEV_0_DRAM_INTERLEAVED,,,,254977.0,SliceDeviceOperation
1001,0.08025484633264561,,SliceDeviceOperation,1,3.096,0.572,110,,,,,BF16 => BF16,BFLOAT16,BFLOAT16,nan,False,DEV_0_DRAM_INTERLEAVED,,,,256001.0,SliceDeviceOperation
1005,0.04780720807983387,,SliceDeviceOperation,1,1.355,0.83,8,,,,,BF16 => BF16,BFLOAT16,BFLOAT16,nan,False,DEV_0_DRAM_INTERLEAVED,,,,257025.0,SliceDeviceOperation
1010,0.1335101069579617,,CloneOperation,0,1.001,5.101,8,,,,,BF16 => BFP8,BFLOAT8_B,BFLOAT16,nan,False,DEV_0_DRAM_INTERLEAVED,,,,258048.0,CloneOperation
1014,0.6004235259161561,,UpdateKVCacheOperation,0,2.082,25.36,2,,,,,"BFP8, BFP8 => BFP8",BFLOAT8_B,BFLOAT8_B,BFLOAT8_B,False,DEV_0_DRAM_INTERLEAVED,,,,259072.0,UpdateKVCacheOperation
1017,0.5124888946699995,,SliceDeviceOperation,1,0.877,22.546,8,,,,,BF16 => BF16,BFLOAT16,BFLOAT16,nan,False,DEV_0_DRAM_INTERLEAVED,,,,260097.0,SliceDeviceOperation
1019,0.33716662540514414,,CloneOperation,3,0.993,14.417,8,,,,,BF16 => BFP8,BFLOAT8_B,BFLOAT16,nan,False,DEV_0_DRAM_INTERLEAVED,,,,261123.0,CloneOperation
1023,0.2012278685172687,,UpdateKVCacheOperation,3,2.073,7.124,2,,,,,"BFP8, BFP8 => BFP8",BFLOAT8_B,BFLOAT8_B,BFLOAT8_B,False,DEV_0_DRAM_INTERLEAVED,,,,262147.0,UpdateKVCacheOperation
1027,0.3697236623034475,,SliceDeviceOperation,3,0.903,15.995,8,,,,,BF16 => BF16,BFLOAT16,BFLOAT16,nan,False,DEV_0_DRAM_INTERLEAVED,,,,263171.0,SliceDeviceOperation
1033,0.7983475553395782,,CloneOperation,1,0.986,35.502,8,,,,,BF16 => BFP8,BFLOAT8_B,BFLOAT16,nan,False,DEV_0_DRAM_INTERLEAVED,,,,264193.0,CloneOperation
1036,0.2322095649204929,,UpdateKVCacheOperation,2,1.973,8.64,2,,,,,"BFP8, BFP8 => BFP8",BFLOAT8_B,BFLOAT8_B,BFLOAT8_B,False,DEV_0_DRAM_INTERLEAVED,,,,265218.0,UpdateKVCacheOperation
1041,0.38549894698333775,,SliceDeviceOperation,1,0.852,16.767,8,,,,,BF16 => BF16,BFLOAT16,BFLOAT16,nan,False,DEV_0_DRAM_INTERLEAVED,,,,266241.0,SliceDeviceOperation
1046,0.3060755303564284,,CloneOperation,0,1.004,12.985,8,,,,,BF16 => BFP8,BFLOAT8_B,BFLOAT16,nan,False,DEV_0_DRAM_INTERLEAVED,,,,267264.0,CloneOperation
1047,0.16797068028781906,,UpdateKVCacheOperation,3,2.097,5.58,2,,,,,"BFP8, BFP8 => BFP8",BFLOAT8_B,BFLOAT8_B,BFLOAT8_B,False,DEV_0_DRAM_INTERLEAVED,,,,268291.0,UpdateKVCacheOperation
1054,0.3529200303559361,,SliceDeviceOperation,0,0.877,15.253,8,,,,,BF16 => BF16,BFLOAT16,BFLOAT16,nan,False,DEV_0_DRAM_INTERLEAVED,,,,269312.0,SliceDeviceOperation
1055,0.3087229775773254,,CloneOperation,3,0.989,13.121,8,,,,,BF16 => BFP8,BFLOAT8_B,BFLOAT16,nan,False,DEV_0_DRAM_INTERLEAVED,,,,270339.0,CloneOperation
1060,0.158999991357507,,UpdateKVCacheOperation,2,2.027,5.24,2,,,,,"BFP8, BFP8 => BFP8",BFLOAT8_B,BFLOAT8_B,BFLOAT8_B,False,DEV_0_DRAM_INTERLEAVED,,,,271362.0,UpdateKVCacheOperation
1065,0.3825670632841627,,SliceDeviceOperation,1,0.888,16.597,8,,,,,BF16 => BF16,BFLOAT16,BFLOAT16,nan,False,DEV_0_DRAM_INTERLEAVED,,,,272385.0,SliceDeviceOperation
1070,0.37799419990261335,,CloneOperation,0,1.042,16.234,8,,,,,BF16 => BFP8,BFLOAT8_B,BFLOAT16,nan,False,DEV_0_DRAM_INTERLEAVED,,,,273408.0,CloneOperation
1071,0.17707264759272107,,UpdateKVCacheOperation,3,2.125,5.968,2,,,,,"BFP8, BFP8 => BFP8",BFLOAT8_B,BFLOAT8_B,BFLOAT8_B,False,DEV_0_DRAM_INTERLEAVED,,,,274435.0,UpdateKVCacheOperation
1075,0.3908594806124267,,SliceDeviceOperation,3,0.856,17.008,8,,,,,BF16 => BF16,BFLOAT16,BFLOAT16,nan,False,DEV_0_DRAM_INTERLEAVED,,,,275459.0,SliceDeviceOperation
1082,0.27594714338803883,,CloneOperation,0,1.018,11.594,8,,,,,BF16 => BFP8,BFLOAT8_B,BFLOAT16,nan,False,DEV_0_DRAM_INTERLEAVED,,,,276480.0,CloneOperation
1084,0.1644699236320875,,UpdateKVCacheOperation,2,2.05,5.467,2,,,,,"BFP8, BFP8 => BFP8",BFLOAT8_B,BFLOAT8_B,BFLOAT8_B,False,DEV_0_DRAM_INTERLEAVED,,,,277506.0,UpdateKVCacheOperation
1090,0.34508708733873683,,SliceDeviceOperation,0,0.879,14.893,8,,,,,BF16 => BF16,BFLOAT16,BFLOAT16,nan,False,DEV_0_DRAM_INTERLEAVED,,,,278528.0,SliceDeviceOperation
1092,0.2895563348871952,,CloneOperation,2,1.0,12.234,8,,,,,BF16 => BFP8,BFLOAT8_B,BFLOAT16,nan,False,DEV_0_DRAM_INTERLEAVED,,,,279554.0,CloneOperation
1096,0.17593490167960832,,UpdateKVCacheOperation,2,2.008,6.033,2,,,,,"BFP8, BFP8 => BFP8",BFLOAT8_B,BFLOAT8_B,BFLOAT8_B,False,DEV_0_DRAM_INTERLEAVED,,,,280578.0,UpdateKVCacheOperation
1101,0.3698549406780374,,SliceDeviceOperation,1,0.863,16.041,8,,,,,BF16 => BF16,BFLOAT16,BFLOAT16,nan,False,DEV_0_DRAM_INTERLEAVED,,,,281601.0,SliceDeviceOperation
1103,0.3390482821075998,,CloneOperation,3,1.001,14.495,8,,,,,BF16 => BFP8,BFLOAT8_B,BFLOAT16,nan,False,DEV_0_DRAM_INTERLEAVED,,,,282627.0,CloneOperation
1108,0.15956886431406334,,UpdateKVCacheOperation,2,2.036,5.257,2,,,,,"BFP8, BFP8 => BFP8",BFLOAT8_B,BFLOAT8_B,BFLOAT8_B,False,DEV_0_DRAM_INTERLEAVED,,,,283650.0,UpdateKVCacheOperation
1112,0.3681702015374666,,SliceDeviceOperation,2,0.864,15.963,8,,,,,BF16 => BF16,BFLOAT16,BFLOAT16,nan,False,DEV_0_DRAM_INTERLEAVED,,,,284674.0,SliceDeviceOperation
1117,0.3050690628179056,,CloneOperation,1,1.012,12.931,8,,,,,BF16 => BFP8,BFLOAT8_B,BFLOAT16,nan,False,DEV_0_DRAM_INTERLEAVED,,,,285697.0,CloneOperation
1121,0.17687573003083618,,UpdateKVCacheOperation,1,2.07,6.014,2,,,,,"BFP8, BFP8 => BFP8",BFLOAT8_B,BFLOAT8_B,BFLOAT8_B,False,DEV_0_DRAM_INTERLEAVED,,,,286721.0,UpdateKVCacheOperation
1124,0.36957050419975923,,SliceDeviceOperation,2,0.866,16.025,8,,,,,BF16 => BF16,BFLOAT16,BFLOAT16,nan,False,DEV_0_DRAM_INTERLEAVED,,,,287746.0,SliceDeviceOperation
1128,0.286011818773267,,CloneOperation,2,0.985,12.087,8,,,,,BF16 => BFP8,BFLOAT8_B,BFLOAT16,nan,False,DEV_0_DRAM_INTERLEAVED,,,,288770.0,CloneOperation
1133,0.15453652662144926,,UpdateKVCacheOperation,1,2.024,5.039,2,,,,,"BFP8, BFP8 => BFP8",BFLOAT8_B,BFLOAT8_B,BFLOAT8_B,False,DEV_0_DRAM_INTERLEAVED,,,,289793.0,UpdateKVCacheOperation
1135,0.46951710672089475,,SliceDeviceOperation,3,0.855,20.604,8,,,,,BF16 => BF16,BFLOAT16,BFLOAT16,nan,False,DEV_0_DRAM_INTERLEAVED,,,,290819.0,SliceDeviceOperation
1140,0.2798198554384418,,CloneOperation,2,1.014,11.775,8,,,,,BF16 => BFP8,BFLOAT8_B,BFLOAT16,nan,False,DEV_0_DRAM_INTERLEAVED,,,,291842.0,CloneOperation
1144,0.19689568215580092,,UpdateKVCacheOperation,2,2.037,6.962,2,,,,,"BFP8, BFP8 => BFP8",BFLOAT8_B,BFLOAT8_B,BFLOAT8_B,False,DEV_0_DRAM_INTERLEAVED,,,,292866.0,UpdateKVCacheOperation
1147,0.3568365018645358,,SliceDeviceOperation,3,0.942,15.367,8,,,,,BF16 => BF16,BFLOAT16,BFLOAT16,nan,False,DEV_0_DRAM_INTERLEAVED,,,,293891.0,SliceDeviceOperation
1152,0.3095544072830616,,CloneOperation,2,1.061,13.087,8,,,,,BF16 => BFP8,BFLOAT8_B,BFLOAT16,nan,False,DEV_0_DRAM_INTERLEAVED,,,,294914.0,CloneOperation
1158,0.17711640705091772,,UpdateKVCacheOperation,0,2.315,5.78,2,,,,,"BFP8, BFP8 => BFP8",BFLOAT8_B,BFLOAT8_B,BFLOAT8_B,False,DEV_0_DRAM_INTERLEAVED,,,,295936.0,UpdateKVCacheOperation
1161,0.343271069823576,,SliceDeviceOperation,1,0.921,14.768,8,,,,,BF16 => BF16,BFLOAT16,BFLOAT16,nan,False,DEV_0_DRAM_INTERLEAVED,,,,296961.0,SliceDeviceOperation
1166,0.2806075256859814,,CloneOperation,0,1.007,11.818,8,,,,,BF16 => BFP8,BFLOAT8_B,BFLOAT16,nan,False,DEV_0_DRAM_INTERLEAVED,,,,297984.0,CloneOperation
1167,0.15961262377226001,,UpdateKVCacheOperation,3,1.97,5.325,2,,,,,"BFP8, BFP8 => BFP8",BFLOAT8_B,BFLOAT8_B,BFLOAT8_B,False,DEV_0_DRAM_INTERLEAVED,,,,299011.0,UpdateKVCacheOperation
1171,0.36016222068748077,,SliceDeviceOperation,3,0.882,15.579,8,,,,,BF16 => BF16,BFLOAT16,BFLOAT16,nan,False,DEV_0_DRAM_INTERLEAVED,,,,300035.0,SliceDeviceOperation
1176,0.29443551447612104,,CloneOperation,2,1.032,12.425,8,,,,,BF16 => BFP8,BFLOAT8_B,BFLOAT16,nan,False,DEV_0_DRAM_INTERLEAVED,,,,301058.0,CloneOperation
1179,0.14937291055424523,,UpdateKVCacheOperation,3,2.086,4.741,2,,,,,"BFP8, BFP8 => BFP8",BFLOAT8_B,BFLOAT8_B,BFLOAT8_B,False,DEV_0_DRAM_INTERLEAVED,,,,302083.0,UpdateKVCacheOperation
1183,0.3882776725788246,,SliceDeviceOperation,3,0.877,16.869,8,,,,,BF16 => BF16,BFLOAT16,BFLOAT16,nan,False,DEV_0_DRAM_INTERLEAVED,,,,303107.0,SliceDeviceOperation
1190,0.29802379004824586,,CloneOperation,0,1.029,12.592,8,,,,,BF16 => BFP8,BFLOAT8_B,BFLOAT16,nan,False,DEV_0_DRAM_INTERLEAVED,,,,304128.0,CloneOperation
1192,0.15059817538375128,,UpdateKVCacheOperation,2,1.984,4.899,2,,,,,"BFP8, BFP8 => BFP8",BFLOAT8_B,BFLOAT8_B,BFLOAT8_B,False,DEV_0_DRAM_INTERLEAVED,,,,305154.0,UpdateKVCacheOperation
1197,0.38762128070587504,,SliceDeviceOperation,1,0.85,16.866,8,,,,,BF16 => BF16,BFLOAT16,BFLOAT16,nan,False,DEV_0_DRAM_INTERLEAVED,,,,306177.0,SliceDeviceOperation
1201,0.2897532524490801,,CloneOperation,1,1.036,12.207,8,,,,,BF16 => BFP8,BFLOAT8_B,BFLOAT16,nan,False,DEV_0_DRAM_INTERLEAVED,,,,307201.0,CloneOperation
1206,0.15497412120341572,,UpdateKVCacheOperation,0,2.081,5.002,2,,,,,"BFP8, BFP8 => BFP8",BFLOAT8_B,BFLOAT8_B,BFLOAT8_B,False,DEV_0_DRAM_INTERLEAVED,,,,308224.0,UpdateKVCacheOperation
1210,0.352985669543231,,SliceDeviceOperation,0,0.887,15.246,8,,,,,BF16 => BF16,BFLOAT16,BFLOAT16,nan,False,DEV_0_DRAM_INTERLEAVED,,,,309248.0,SliceDeviceOperation
1212,0.31196117748387703,,CloneOperation,2,0.976,13.282,8,,,,,BF16 => BFP8,BFLOAT8_B,BFLOAT16,nan,False,DEV_0_DRAM_INTERLEAVED,,,,310274.0,CloneOperation
1216,0.16243510882594356,,UpdateKVCacheOperation,2,1.959,5.465,2,,,,,"BFP8, BFP8 => BFP8",BFLOAT8_B,BFLOAT8_B,BFLOAT8_B,False,DEV_0_DRAM_INTERLEAVED,,,,311298.0,UpdateKVCacheOperation
1219,0.3487191223690582,,SliceDeviceOperation,3,0.895,15.043,8,,,,,BF16 => BF16,BFLOAT16,BFLOAT16,nan,False,DEV_0_DRAM_INTERLEAVED,,,,312323.0,SliceDeviceOperation
1225,0.29216002264989555,,CloneOperation,1,1.047,12.306,8,,,,,BF16 => BFP8,BFLOAT8_B,BFLOAT16,nan,False,DEV_0_DRAM_INTERLEAVED,,,,313345.0,CloneOperation
1229,0.16337593717717142,,UpdateKVCacheOperation,1,2.07,5.397,2,,,,,"BFP8, BFP8 => BFP8",BFLOAT8_B,BFLOAT8_B,BFLOAT8_B,False,DEV_0_DRAM_INTERLEAVED,,,,314369.0,UpdateKVCacheOperation
1233,0.3769002134476972,,SliceDeviceOperation,1,0.939,16.287,8,,,,,BF16 => BF16,BFLOAT16,BFLOAT16,nan,False,DEV_0_DRAM_INTERLEAVED,,,,315393.0,SliceDeviceOperation
1236,0.28813415249580426,,CloneOperation,2,0.975,12.194,8,,,,,BF16 => BFP8,BFLOAT8_B,BFLOAT16,nan,False,DEV_0_DRAM_INTERLEAVED,,,,316418.0,CloneOperation
1241,0.16230383045135363,,UpdateKVCacheOperation,1,2.154,5.264,2,,,,,"BFP8, BFP8 => BFP8",BFLOAT8_B,BFLOAT8_B,BFLOAT8_B,False,DEV_0_DRAM_INTERLEAVED,,,,317441.0,UpdateKVCacheOperation
1246,0.3356131646391633,,SliceDeviceOperation,0,0.89,14.449,8,,,,,BF16 => BF16,BFLOAT16,BFLOAT16,nan,False,DEV_0_DRAM_INTERLEAVED,,,,318464.0,SliceDeviceOperation
1249,0.2765160163445952,,CloneOperation,1,1.061,11.577,8,,,,,BF16 => BFP8,BFLOAT8_B,BFLOAT16,nan,False,DEV_0_DRAM_INTERLEAVED,,,,319489.0,CloneOperation
1252,0.15985330079234156,,UpdateKVCacheOperation,2,1.962,5.344,2,,,,,"BFP8, BFP8 => BFP8",BFLOAT8_B,BFLOAT8_B,BFLOAT8_B,False,DEV_0_DRAM_INTERLEAVED,,,,320514.0,UpdateKVCacheOperation
1257,0.3625033517010011,,SliceDeviceOperation,1,0.865,15.703,8,,,,,BF16 => BF16,BFLOAT16,BFLOAT16,nan,False,DEV_0_DRAM_INTERLEAVED,,,,321537.0,SliceDeviceOperation
1259,0.2756627069097606,,CloneOperation,3,0.995,11.604,8,,,,,BF16 => BFP8,BFLOAT8_B,BFLOAT16,nan,False,DEV_0_DRAM_INTERLEAVED,,,,322563.0,CloneOperation
1266,0.1555211144308738,,UpdateKVCacheOperation,0,1.975,5.133,2,,,,,"BFP8, BFP8 => BFP8",BFLOAT8_B,BFLOAT8_B,BFLOAT8_B,False,DEV_0_DRAM_INTERLEAVED,,,,323584.0,UpdateKVCacheOperation
1270,0.3448026508604586,,SliceDeviceOperation,0,0.893,14.866,8,,,,,BF16 => BF16,BFLOAT16,BFLOAT16,nan,False,DEV_0_DRAM_INTERLEAVED,,,,324608.0,SliceDeviceOperation
1271,0.30093379401832265,,CloneOperation,3,0.98,12.774,8,,,,,BF16 => BFP8,BFLOAT8_B,BFLOAT16,nan,False,DEV_0_DRAM_INTERLEAVED,,,,325635.0,CloneOperation
1278,0.1987116996709617,,UpdateKVCacheOperation,0,1.999,7.083,2,,,,,"BFP8, BFP8 => BFP8",BFLOAT8_B,BFLOAT8_B,BFLOAT8_B,False,DEV_0_DRAM_INTERLEAVED,,,,326656.0,UpdateKVCacheOperation
1280,0.38359541055178376,,SliceDeviceOperation,2,0.904,16.628,8,,,,,BF16 => BF16,BFLOAT16,BFLOAT16,nan,False,DEV_0_DRAM_INTERLEAVED,,,,327682.0,SliceDeviceOperation
1286,0.28301429588679683,,CloneOperation,0,1.02,11.915,8,,,,,BF16 => BFP8,BFLOAT8_B,BFLOAT16,nan,False,DEV_0_DRAM_INTERLEAVED,,,,328704.0,CloneOperation
1289,0.15749029004972276,,UpdateKVCacheOperation,1,2.077,5.121,2,,,,,"BFP8, BFP8 => BFP8",BFLOAT8_B,BFLOAT8_B,BFLOAT8_B,False,DEV_0_DRAM_INTERLEAVED,,,,329729.0,UpdateKVCacheOperation
1291,0.3541671749145405,,SliceDeviceOperation,3,0.893,15.294,8,,,,,BF16 => BF16,BFLOAT16,BFLOAT16,nan,False,DEV_0_DRAM_INTERLEAVED,,,,330755.0,SliceDeviceOperation
1297,0.2743280434347629,,CloneOperation,1,0.995,11.543,8,,,,,BF16 => BFP8,BFLOAT8_B,BFLOAT16,nan,False,DEV_0_DRAM_INTERLEAVED,,,,331777.0,CloneOperation
1300,0.1662203019599533,,UpdateKVCacheOperation,2,2.016,5.581,2,,,,,"BFP8, BFP8 => BFP8",BFLOAT8_B,BFLOAT8_B,BFLOAT8_B,False,DEV_0_DRAM_INTERLEAVED,,,,332802.0,UpdateKVCacheOperation
1303,0.34530588462972,,SliceDeviceOperation,3,0.864,14.918,8,,,,,BF16 => BF16,BFLOAT16,BFLOAT16,nan,False,DEV_0_DRAM_INTERLEAVED,,,,333827.0,SliceDeviceOperation
1309,0.2729933799597653,,CloneOperation,1,1.033,11.444,8,,,,,BF16 => BFP8,BFLOAT8_B,BFLOAT16,nan,False,DEV_0_DRAM_INTERLEAVED,,,,334849.0,CloneOperation
1312,0.18068280289394426,,UpdateKVCacheOperation,2,1.975,6.283,2,,,,,"BFP8, BFP8 => BFP8",BFLOAT8_B,BFLOAT8_B,BFLOAT8_B,False,DEV_0_DRAM_INTERLEAVED,,,,335874.0,UpdateKVCacheOperation
1315,0.35305130873052604,,SliceDeviceOperation,3,0.857,15.279,8,,,,,BF16 => BF16,BFLOAT16,BFLOAT16,nan,False,DEV_0_DRAM_INTERLEAVED,,,,336899.0,SliceDeviceOperation
1319,0.2897970119072767,,CloneOperation,3,0.994,12.251,8,,,,,BF16 => BFP8,BFLOAT8_B,BFLOAT16,nan,False,DEV_0_DRAM_INTERLEAVED,,,,337923.0,CloneOperation
1325,0.1971582389049808,,UpdateKVCacheOperation,1,2.193,6.818,2,,,,,"BFP8, BFP8 => BFP8",BFLOAT8_B,BFLOAT8_B,BFLOAT8_B,False,DEV_0_DRAM_INTERLEAVED,,,,338945.0,UpdateKVCacheOperation
1327,0.34530588462972,,SliceDeviceOperation,3,0.871,14.911,8,,,,,BF16 => BF16,BFLOAT16,BFLOAT16,nan,False,DEV_0_DRAM_INTERLEAVED,,,,339971.0,SliceDeviceOperation
1331,0.2948074698707925,,CloneOperation,3,0.972,12.502,8,,,,,BF16 => BFP8,BFLOAT8_B,BFLOAT16,nan,False,DEV_0_DRAM_INTERLEAVED,,,,340995.0,CloneOperation
1336,0.15103576996571774,,UpdateKVCacheOperation,2,2.081,4.822,2,,,,,"BFP8, BFP8 => BFP8",BFLOAT8_B,BFLOAT8_B,BFLOAT8_B,False,DEV_0_DRAM_INTERLEAVED,,,,342018.0,UpdateKVCacheOperation
1342,0.3513446898608569,,SliceDeviceOperation,0,0.879,15.179,8,,,,,BF16 => BF16,BFLOAT16,BFLOAT16,nan,False,DEV_0_DRAM_INTERLEAVED,,,,343040.0,SliceDeviceOperation
1345,0.27920722302368883,,CloneOperation,1,1.045,11.716,8,,,,,BF16 => BFP8,BFLOAT8_B,BFLOAT16,nan,False,DEV_0_DRAM_INTERLEAVED,,,,344065.0,CloneOperation
1349,0.16652661816732983,,UpdateKVCacheOperation,1,2.03,5.581,2,,,,,"BFP8, BFP8 => BFP8",BFLOAT8_B,BFLOAT8_B,BFLOAT8_B,False,DEV_0_DRAM_INTERLEAVED,,,,345089.0,UpdateKVCacheOperation
1353,0.3569677802391257,,SliceDeviceOperation,1,0.894,15.421,8,,,,,BF16 => BF16,BFLOAT16,BFLOAT16,nan,False,DEV_0_DRAM_INTERLEAVED,,,,346113.0,SliceDeviceOperation
1356,0.28172339186999584,,CloneOperation,2,0.998,11.878,8,,,,,BF16 => BFP8,BFLOAT8_B,BFLOAT16,nan,False,DEV_0_DRAM_INTERLEAVED,,,,347138.0,CloneOperation
1361,0.17002737482306135,,UpdateKVCacheOperation,1,2.096,5.675,2,,,,,"BFP8, BFP8 => BFP8",BFLOAT8_B,BFLOAT8_B,BFLOAT8_B,False,DEV_0_DRAM_INTERLEAVED,,,,348161.0,UpdateKVCacheOperation
1365,0.33635707542850624,,SliceDeviceOperation,1,0.92,14.453,8,,,,,BF16 => BF16,BFLOAT16,BFLOAT16,nan,False,DEV_0_DRAM_INTERLEAVED,,,,349185.0,SliceDeviceOperation
1369,0.3007587561855361,,CloneOperation,1,0.993,12.753,8,,,,,BF16 => BFP8,BFLOAT8_B,BFLOAT16,nan,False,DEV_0_DRAM_INTERLEAVED,,,,350209.0,CloneOperation
1372,0.21253968846110127,,UpdateKVCacheOperation,2,1.982,7.732,2,,,,,"BFP8, BFP8 => BFP8",BFLOAT8_B,BFLOAT8_B,BFLOAT8_B,False,DEV_0_DRAM_INTERLEAVED,,,,351234.0,UpdateKVCacheOperation
1376,0.33769173890350385,,SliceDeviceOperation,2,0.901,14.533,8,,,,,BF16 => BF16,BFLOAT16,BFLOAT16,nan,False,DEV_0_DRAM_INTERLEAVED,,,,352258.0,SliceDeviceOperation
1382,0.29040964432202976,,CloneOperation,0,1.012,12.261,8,,,,,BF16 => BFP8,BFLOAT8_B,BFLOAT16,nan,False,DEV_0_DRAM_INTERLEAVED,,,,353280.0,CloneOperation
1384,0.23356610812458886,,UpdateKVCacheOperation,2,2.13,8.545,2,,,,,"BFP8, BFP8 => BFP8",BFLOAT8_B,BFLOAT8_B,BFLOAT8_B,False,DEV_0_DRAM_INTERLEAVED,,,,354306.0,UpdateKVCacheOperation
1388,0.2954638617437421,,SliceDeviceOperation,2,0.902,12.602,8,,,,,BF16 => BF16,BFLOAT16,BFLOAT16,nan,False,DEV_0_DRAM_INTERLEAVED,,,,355330.0,SliceDeviceOperation
1392,0.2687268327855925,,CloneOperation,2,1.033,11.249,8,,,,,BF16 => BFP8,BFLOAT8_B,BFLOAT16,nan,False,DEV_0_DRAM_INTERLEAVED,,,,356354.0,CloneOperation
1396,0.19785839023612706,,UpdateKVCacheOperation,2,2.013,7.03,2,,,,,"BFP8, BFP8 => BFP8",BFLOAT8_B,BFLOAT8_B,BFLOAT8_B,False,DEV_0_DRAM_INTERLEAVED,,,,357378.0,UpdateKVCacheOperation
1402,0.24597191452333753,,SliceDeviceOperation,0,0.871,10.371,8,,,,,BF16 => BF16,BFLOAT16,BFLOAT16,nan,False,DEV_0_DRAM_INTERLEAVED,,,,358400.0,SliceDeviceOperation
1404,0.3015026669748791,,CloneOperation,2,1.01,12.77,8,,,,,BF16 => BFP8,BFLOAT8_B,BFLOAT16,nan,False,DEV_0_DRAM_INTERLEAVED,,,,359426.0,CloneOperation
1407,0.16602338439806838,,UpdateKVCacheOperation,3,1.984,5.604,2,,,,,"BFP8, BFP8 => BFP8",BFLOAT8_B,BFLOAT8_B,BFLOAT8_B,False,DEV_0_DRAM_INTERLEAVED,,,,360451.0,UpdateKVCacheOperation
1411,0.24770041312210495,,SliceDeviceOperation,3,0.876,10.445,8,,,,,BF16 => BF16,BFLOAT16,BFLOAT16,nan,False,DEV_0_DRAM_INTERLEAVED,,,,361475.0,SliceDeviceOperation
1418,0.25093861302865667,,CloneOperation,0,1.021,10.448,8,,,,,BF16 => BFP8,BFLOAT8_B,BFLOAT16,nan,False,DEV_0_DRAM_INTERLEAVED,,,,362496.0,CloneOperation
1422,0.1624788682841402,,UpdateKVCacheOperation,0,2.071,5.355,2,,,,,"BFP8, BFP8 => BFP8",BFLOAT8_B,BFLOAT8_B,BFLOAT8_B,False,DEV_0_DRAM_INTERLEAVED,,,,363520.0,UpdateKVCacheOperation
1423,0.23474761349589826,,SliceDeviceOperation,3,0.852,9.877,8,,,,,BF16 => BF16,BFLOAT16,BFLOAT16,nan,False,DEV_0_DRAM_INTERLEAVED,,,,364547.0,SliceDeviceOperation
1427,0.29170054833883075,,CloneOperation,3,1.025,12.307,8,,,,,BF16 => BFP8,BFLOAT8_B,BFLOAT16,nan,False,DEV_0_DRAM_INTERLEAVED,,,,365571.0,CloneOperation
1433,0.18155799205787712,,UpdateKVCacheOperation,1,2.007,6.291,2,,,,,"BFP8, BFP8 => BFP8",BFLOAT8_B,BFLOAT8_B,BFLOAT8_B,False,DEV_0_DRAM_INTERLEAVED,,,,366593.0,UpdateKVCacheOperation
1437,0.23389430406106368,,SliceDeviceOperation,1,0.877,9.813,8,,,,,BF16 => BF16,BFLOAT16,BFLOAT16,nan,False,DEV_0_DRAM_INTERLEAVED,,,,367617.0,SliceDeviceOperation
1441,0.25570839397209083,,CloneOperation,1,1.048,10.639,8,,,,,BF16 => BFP8,BFLOAT8_B,BFLOAT16,nan,False,DEV_0_DRAM_INTERLEAVED,,,,368641.0,CloneOperation
1443,0.16777376272593417,,UpdateKVCacheOperation,3,1.953,5.715,2,,,,,"BFP8, BFP8 => BFP8",BFLOAT8_B,BFLOAT8_B,BFLOAT8_B,False,DEV_0_DRAM_INTERLEAVED,,,,369667.0,UpdateKVCacheOperation
1450,0.23485701214138985,,SliceDeviceOperation,0,0.861,9.873,8,,,,,BF16 => BF16,BFLOAT16,BFLOAT16,nan,False,DEV_0_DRAM_INTERLEAVED,,,,370688.0,SliceDeviceOperation
1453,0.2699958570732952,,CloneOperation,1,1.081,11.259,8,,,,,BF16 => BFP8,BFLOAT8_B,BFLOAT16,nan,False,DEV_0_DRAM_INTERLEAVED,,,,371713.0,CloneOperation
1456,0.15560863334726707,,UpdateKVCacheOperation,2,1.959,5.153,2,,,,,"BFP8, BFP8 => BFP8",BFLOAT8_B,BFLOAT8_B,BFLOAT8_B,False,DEV_0_DRAM_INTERLEAVED,,,,372738.0,UpdateKVCacheOperation
1459,0.22420158407050697,,SliceDeviceOperation,3,0.928,9.319,8,,,,,BF16 => BF16,BFLOAT16,BFLOAT16,nan,False,DEV_0_DRAM_INTERLEAVED,,,,373763.0,SliceDeviceOperation
1465,0.26767660578887303,,CloneOperation,1,0.989,11.245,8,,,,,BF16 => BFP8,BFLOAT8_B,BFLOAT16,nan,False,DEV_0_DRAM_INTERLEAVED,,,,374785.0,CloneOperation
1468,0.15344254016653314,,UpdateKVCacheOperation,2,1.99,5.023,2,,,,,"BFP8, BFP8 => BFP8",BFLOAT8_B,BFLOAT8_B,BFLOAT8_B,False,DEV_0_DRAM_INTERLEAVED,,,,375810.0,UpdateKVCacheOperation
1473,0.2495601900954623,,SliceDeviceOperation,1,0.85,10.556,8,,,,,BF16 => BF16,BFLOAT16,BFLOAT16,nan,False,DEV_0_DRAM_INTERLEAVED,,,,376833.0,SliceDeviceOperation
1477,0.25645230476143377,,CloneOperation,1,1.039,10.682,8,,,,,BF16 => BFP8,BFLOAT8_B,BFLOAT16,nan,False,DEV_0_DRAM_INTERLEAVED,,,,377857.0,CloneOperation
1479,0.16175683722389558,,UpdateKVCacheOperation,3,2.002,5.391,2,,,,,"BFP8, BFP8 => BFP8",BFLOAT8_B,BFLOAT8_B,BFLOAT8_B,False,DEV_0_DRAM_INTERLEAVED,,,,378883.0,UpdateKVCacheOperation
1484,0.22805241639181165,,SliceDeviceOperation,2,0.908,9.515,8,,,,,BF16 => BF16,BFLOAT16,BFLOAT16,nan,False,DEV_0_DRAM_INTERLEAVED,,,,379906.0,SliceDeviceOperation
1488,0.2731246583343553,,CloneOperation,2,1.053,11.43,8,,,,,BF16 => BFP8,BFLOAT8_B,BFLOAT16,nan,False,DEV_0_DRAM_INTERLEAVED,,,,380930.0,CloneOperation
1491,0.19276041335621805,,UpdateKVCacheOperation,3,2.041,6.769,2,,,,,"BFP8, BFP8 => BFP8",BFLOAT8_B,BFLOAT8_B,BFLOAT8_B,False,DEV_0_DRAM_INTERLEAVED,,,,381955.0,UpdateKVCacheOperation
1496,0.23700122559302544,,SliceDeviceOperation,2,0.861,9.971,8,,,,,BF16 => BF16,BFLOAT16,BFLOAT16,nan,False,DEV_0_DRAM_INTERLEAVED,,,,382978.0,SliceDeviceOperation
1501,0.26004058033355865,,CloneOperation,1,0.973,10.912,8,,,,,BF16 => BFP8,BFLOAT8_B,BFLOAT16,nan,False,DEV_0_DRAM_INTERLEAVED,,,,384001.0,CloneOperation
1505,0.16519195469233214,,UpdateKVCacheOperation,1,1.955,5.595,2,,,,,"BFP8, BFP8 => BFP8",BFLOAT8_B,BFLOAT8_B,BFLOAT8_B,False,DEV_0_DRAM_INTERLEAVED,,,,385025.0,UpdateKVCacheOperation
1510,0.25148560625611466,,SliceDeviceOperation,0,0.889,10.605,8,,,,,BF16 => BF16,BFLOAT16,BFLOAT16,nan,False,DEV_0_DRAM_INTERLEAVED,,,,386048.0,SliceDeviceOperation
1511,0.25408929401881497,,CloneOperation,3,0.984,10.629,8,,,,,BF16 => BFP8,BFLOAT8_B,BFLOAT16,nan,False,DEV_0_DRAM_INTERLEAVED,,,,387075.0,CloneOperation
1517,0.15749029004972276,,UpdateKVCacheOperation,1,2.08,5.118,2,,,,,"BFP8, BFP8 => BFP8",BFLOAT8_B,BFLOAT8_B,BFLOAT8_B,False,DEV_0_DRAM_INTERLEAVED,,,,388097.0,UpdateKVCacheOperation
1522,0.23544776482704458,,SliceDeviceOperation,0,0.858,9.903,8,,,,,BF16 => BF16,BFLOAT16,BFLOAT16,nan,False,DEV_0_DRAM_INTERLEAVED,,,,389120.0,SliceDeviceOperation
1523,0.2571305763634818,,CloneOperation,3,1.05,10.702,8,,,,,BF16 => BFP8,BFLOAT8_B,BFLOAT16,nan,False,DEV_0_DRAM_INTERLEAVED,,,,390147.0,CloneOperation
1528,0.18155799205787712,,UpdateKVCacheOperation,2,2.095,6.203,2,,,,,"BFP8, BFP8 => BFP8",BFLOAT8_B,BFLOAT8_B,BFLOAT8_B,False,DEV_0_DRAM_INTERLEAVED,,,,391170.0,UpdateKVCacheOperation
1532,0.23275655814795093,,SliceDeviceOperation,2,0.853,9.785,8,,,,,BF16 => BF16,BFLOAT16,BFLOAT16,nan,False,DEV_0_DRAM_INTERLEAVED,,,,392194.0,SliceDeviceOperation
1537,0.25286402918930895,,CloneOperation,1,1.016,10.541,8,,,,,BF16 => BFP8,BFLOAT8_B,BFLOAT16,nan,False,DEV_0_DRAM_INTERLEAVED,,,,393217.0,CloneOperation
1539,0.16079412914356941,,UpdateKVCacheOperation,3,2.09,5.259,2,,,,,"BFP8, BFP8 => BFP8",BFLOAT8_B,BFLOAT8_B,BFLOAT8_B,False,DEV_0_DRAM_INTERLEAVED,,,,394243.0,UpdateKVCacheOperation
1545,0.22787737855902504,,SliceDeviceOperation,1,0.889,9.526,8,,,,,BF16 => BF16,BFLOAT16,BFLOAT16,nan,False,DEV_0_DRAM_INTERLEAVED,,,,395265.0,SliceDeviceOperation
1550,0.2803668486658999,,CloneOperation,0,1.052,11.762,8,,,,,BF16 => BFP8,BFLOAT8_B,BFLOAT16,nan,False,DEV_0_DRAM_INTERLEAVED,,,,396288.0,CloneOperation
1551,0.16628594114724823,,UpdateKVCacheOperation,3,1.986,5.614,2,,,,,"BFP8, BFP8 => BFP8",BFLOAT8_B,BFLOAT8_B,BFLOAT8_B,False,DEV_0_DRAM_INTERLEAVED,,,,397315.0,UpdateKVCacheOperation
1556,0.23682618776023884,,SliceDeviceOperation,2,0.861,9.963,8,,,,,BF16 => BF16,BFLOAT16,BFLOAT16,nan,False,DEV_0_DRAM_INTERLEAVED,,,,398338.0,SliceDeviceOperation
1562,0.2797104567929502,,CloneOperation,0,1.069,11.715,8,,,,,BF16 => BFP8,BFLOAT8_B,BFLOAT16,nan,False,DEV_0_DRAM_INTERLEAVED,,,,399360.0,CloneOperation
1564,0.16451368309028416,,UpdateKVCacheOperation,2,1.958,5.561,2,,,,,"BFP8, BFP8 => BFP8",BFLOAT8_B,BFLOAT8_B,BFLOAT8_B,False,DEV_0_DRAM_INTERLEAVED,,,,400386.0,UpdateKVCacheOperation
1568,0.242339879493016,,SliceDeviceOperation,2,0.89,10.186,8,,,,,BF16 => BF16,BFLOAT16,BFLOAT16,nan,False,DEV_0_DRAM_INTERLEAVED,,,,401410.0,SliceDeviceOperation
1572,0.2680266814544462,,CloneOperation,2,0.987,11.263,8,,,,,BF16 => BFP8,BFLOAT8_B,BFLOAT16,nan,False,DEV_0_DRAM_INTERLEAVED,,,,402434.0,CloneOperation
1577,0.1705087288632244,,UpdateKVCacheOperation,1,2.155,5.638,2,,,,,"BFP8, BFP8 => BFP8",BFLOAT8_B,BFLOAT8_B,BFLOAT8_B,False,DEV_0_DRAM_INTERLEAVED,,,,403457.0,UpdateKVCacheOperation
1580,0.2223855665553462,,SliceDeviceOperation,2,0.879,9.285,8,,,,,BF16 => BF16,BFLOAT16,BFLOAT16,nan,False,DEV_0_DRAM_INTERLEAVED,,,,404482.0,SliceDeviceOperation
1586,0.2536954588950452,,CloneOperation,0,1.001,10.594,8,,,,,BF16 => BFP8,BFLOAT8_B,BFLOAT16,nan,False,DEV_0_DRAM_INTERLEAVED,,,,405504.0,CloneOperation
1588,0.19017860532261605,,UpdateKVCacheOperation,2,1.959,6.733,2,,,,,"BFP8, BFP8 => BFP8",BFLOAT8_B,BFLOAT8_B,BFLOAT8_B,False,DEV_0_DRAM_INTERLEAVED,,,,406530.0,UpdateKVCacheOperation
1592,0.22352331246845897,,SliceDeviceOperation,2,0.866,9.35,8,,,,,BF16 => BF16,BFLOAT16,BFLOAT16,nan,False,DEV_0_DRAM_INTERLEAVED,,,,407554.0,SliceDeviceOperation
1595,0.25971238439708383,,CloneOperation,3,0.996,10.874,8,,,,,BF16 => BFP8,BFLOAT8_B,BFLOAT16,nan,False,DEV_0_DRAM_INTERLEAVED,,,,408579.0,CloneOperation
1599,0.15895623189931035,,UpdateKVCacheOperation,3,2.017,5.248,2,,,,,"BFP8, BFP8 => BFP8",BFLOAT8_B,BFLOAT8_B,BFLOAT8_B,False,DEV_0_DRAM_INTERLEAVED,,,,409603.0,UpdateKVCacheOperation
1603,0.23056858523811868,,SliceDeviceOperation,3,0.858,9.68,8,,,,,BF16 => BF16,BFLOAT16,BFLOAT16,nan,False,DEV_0_DRAM_INTERLEAVED,,,,410627.0,SliceDeviceOperation
1607,0.2733215758962401,,CloneOperation,3,1.058,11.434,8,,,,,BF16 => BFP8,BFLOAT8_B,BFLOAT16,nan,False,DEV_0_DRAM_INTERLEAVED,,,,411651.0,CloneOperation
1612,0.1554335955144805,,UpdateKVCacheOperation,2,2.007,5.097,2,,,,,"BFP8, BFP8 => BFP8",BFLOAT8_B,BFLOAT8_B,BFLOAT8_B,False,DEV_0_DRAM_INTERLEAVED,,,,412674.0,UpdateKVCacheOperation
1616,0.22520805160902976,,SliceDeviceOperation,2,0.904,9.389,8,,,,,BF16 => BF16,BFLOAT16,BFLOAT16,nan,False,DEV_0_DRAM_INTERLEAVED,,,,413698.0,SliceDeviceOperation
1619,0.2528421494602106,,CloneOperation,3,0.988,10.568,8,,,,,BF16 => BFP8,BFLOAT8_B,BFLOAT16,nan,False,DEV_0_DRAM_INTERLEAVED,,,,414723.0,CloneOperation
1624,0.16363849392635124,,UpdateKVCacheOperation,2,1.988,5.491,2,,,,,"BFP8, BFP8 => BFP8",BFLOAT8_B,BFLOAT8_B,BFLOAT8_B,False,DEV_0_DRAM_INTERLEAVED,,,,415746.0,UpdateKVCacheOperation
1629,0.294501153663416,,SliceDeviceOperation,1,0.891,12.569,8,,,,,BF16 => BF16,BFLOAT16,BFLOAT16,nan,False,DEV_0_DRAM_INTERLEAVED,,,,416769.0,SliceDeviceOperation
1633,0.25139808733972135,,CloneOperation,1,0.973,10.517,8,,,,,BF16 => BFP8,BFLOAT8_B,BFLOAT16,nan,False,DEV_0_DRAM_INTERLEAVED,,,,417793.0,CloneOperation
1637,0.17103384236158417,,UpdateKVCacheOperation,1,1.958,5.859,2,,,,,"BFP8, BFP8 => BFP8",BFLOAT8_B,BFLOAT8_B,BFLOAT8_B,False,DEV_0_DRAM_INTERLEAVED,,,,418817.0,UpdateKVCacheOperation
1642,0.24111461466350997,,SliceDeviceOperation,0,0.931,10.089,8,,,,,BF16 => BF16,BFLOAT16,BFLOAT16,nan,False,DEV_0_DRAM_INTERLEAVED,,,,419840.0,SliceDeviceOperation
1645,0.2533891426876687,,CloneOperation,1,1.05,10.531,8,,,,,BF16 => BFP8,BFLOAT8_B,BFLOAT16,nan,False,DEV_0_DRAM_INTERLEAVED,,,,420865.0,CloneOperation
1650,0.18044212587386269,,UpdateKVCacheOperation,0,1.95,6.297,2,,,,,"BFP8, BFP8 => BFP8",BFLOAT8_B,BFLOAT8_B,BFLOAT8_B,False,DEV_0_DRAM_INTERLEAVED,,,,421888.0,UpdateKVCacheOperation
1653,0.22466105838157174,,SliceDeviceOperation,1,0.896,9.372,8,,,,,BF16 => BF16,BFLOAT16,BFLOAT16,nan,False,DEV_0_DRAM_INTERLEAVED,,,,422913.0,SliceDeviceOperation
1655,0.25424245212250324,,CloneOperation,3,0.968,10.652,8,,,,,BF16 => BFP8,BFLOAT8_B,BFLOAT16,nan,False,DEV_0_DRAM_INTERLEAVED,,,,423939.0,CloneOperation
1661,0.154383368517761,,UpdateKVCacheOperation,1,1.955,5.101,2,,,,,"BFP8, BFP8 => BFP8",BFLOAT8_B,BFLOAT8_B,BFLOAT8_B,False,DEV_0_DRAM_INTERLEAVED,,,,424961.0,UpdateKVCacheOperation
1663,0.22553624754550458,,SliceDeviceOperation,3,0.919,9.389,8,,,,,BF16 => BF16,BFLOAT16,BFLOAT16,nan,False,DEV_0_DRAM_INTERLEAVED,,,,425987.0,SliceDeviceOperation
1669,0.2597999033134771,,CloneOperation,1,1.037,10.837,8,,,,,BF16 => BFP8,BFLOAT8_B,BFLOAT16,nan,False,DEV_0_DRAM_INTERLEAVED,,,,427009.0,CloneOperation
1674,0.15521479822349726,,UpdateKVCacheOperation,0,2.016,5.078,2,,,,,"BFP8, BFP8 => BFP8",BFLOAT8_B,BFLOAT8_B,BFLOAT8_B,False,DEV_0_DRAM_INTERLEAVED,,,,428032.0,UpdateKVCacheOperation
1675,0.2311374581946751,,SliceDeviceOperation,3,0.879,9.685,8,,,,,BF16 => BF16,BFLOAT16,BFLOAT16,nan,False,DEV_0_DRAM_INTERLEAVED,,,,429059.0,SliceDeviceOperation
1682,0.2518356819216878,,CloneOperation,0,0.966,10.544,8,,,,,BF16 => BFP8,BFLOAT8_B,BFLOAT16,nan,False,DEV_0_DRAM_INTERLEAVED,,,,430080.0,CloneOperation
1685,0.17153707613084557,,UpdateKVCacheOperation,1,2.183,5.657,2,,,,,"BFP8, BFP8 => BFP8",BFLOAT8_B,BFLOAT8_B,BFLOAT8_B,False,DEV_0_DRAM_INTERLEAVED,,,,431105.0,UpdateKVCacheOperation
1689,0.25555523586840256,,SliceDeviceOperation,1,0.892,10.788,8,,,,,BF16 => BF16,BFLOAT16,BFLOAT16,nan,False,DEV_0_DRAM_INTERLEAVED,,,,432129.0,SliceDeviceOperation
1691,0.2648541207351895,,CloneOperation,3,1.042,11.063,8,,,,,BF16 => BFP8,BFLOAT8_B,BFLOAT16,nan,False,DEV_0_DRAM_INTERLEAVED,,,,433155.0,CloneOperation
1696,0.20418163194554223,,UpdateKVCacheOperation,2,2.141,7.191,2,,,,,"BFP8, BFP8 => BFP8",BFLOAT8_B,BFLOAT8_B,BFLOAT8_B,False,DEV_0_DRAM_INTERLEAVED,,,,434178.0,UpdateKVCacheOperation
1699,0.24177100653645966,,SliceDeviceOperation,3,0.864,10.186,8,,,,,BF16 => BF16,BFLOAT16,BFLOAT16,nan,False,DEV_0_DRAM_INTERLEAVED,,,,435203.0,SliceDeviceOperation
1704,0.2612658451630646,,CloneOperation,2,1.024,10.917,8,,,,,BF16 => BFP8,BFLOAT8_B,BFLOAT16,nan,False,DEV_0_DRAM_INTERLEAVED,,,,436226.0,CloneOperation
1708,0.1845117554861506,,UpdateKVCacheOperation,2,2.078,6.355,2,,,,,"BFP8, BFP8 => BFP8",BFLOAT8_B,BFLOAT8_B,BFLOAT8_B,False,DEV_0_DRAM_INTERLEAVED,,,,437250.0,UpdateKVCacheOperation
1713,0.22494549485984994,,SliceDeviceOperation,1,0.88,9.401,8,,,,,BF16 => BF16,BFLOAT16,BFLOAT16,nan,False,DEV_0_DRAM_INTERLEAVED,,,,438273.0,SliceDeviceOperation
1716,0.2588590749622492,,CloneOperation,2,1.007,10.824,8,,,,,BF16 => BFP8,BFLOAT8_B,BFLOAT16,nan,False,DEV_0_DRAM_INTERLEAVED,,,,439298.0,CloneOperation
1719,0.1662421816890516,,UpdateKVCacheOperation,3,2.09,5.508,2,,,,,"BFP8, BFP8 => BFP8",BFLOAT8_B,BFLOAT8_B,BFLOAT8_B,False,DEV_0_DRAM_INTERLEAVED,,,,440323.0,UpdateKVCacheOperation
1724,0.21980375852174422,,SliceDeviceOperation,2,0.921,9.125,8,,,,,BF16 => BF16,BFLOAT16,BFLOAT16,nan,False,DEV_0_DRAM_INTERLEAVED,,,,441346.0,SliceDeviceOperation
1728,0.2727527029396838,,CloneOperation,2,1.064,11.402,8,,,,,BF16 => BFP8,BFLOAT8_B,BFLOAT16,nan,False,DEV_0_DRAM_INTERLEAVED,,,,442370.0,CloneOperation
1732,0.15479908337062911,,UpdateKVCacheOperation,2,1.98,5.095,2,,,,,"BFP8, BFP8 => BFP8",BFLOAT8_B,BFLOAT8_B,BFLOAT8_B,False,DEV_0_DRAM_INTERLEAVED,,,,443394.0,UpdateKVCacheOperation
1736,0.2322533243786895,,SliceDeviceOperation,2,0.864,9.751,8,,,,,BF16 => BF16,BFLOAT16,BFLOAT16,nan,False,DEV_0_DRAM_INTERLEAVED,,,,444418.0,SliceDeviceOperation
1741,0.24938515226267574,,CloneOperation,1,0.999,10.399,8,,,,,BF16 => BFP8,BFLOAT8_B,BFLOAT16,nan,False,DEV_0_DRAM_INTERLEAVED,,,,445441.0,CloneOperation
1744,0.18162363124517208,,UpdateKVCacheOperation,2,2.028,6.273,2,,,,,"BFP8, BFP8 => BFP8",BFLOAT8_B,BFLOAT8_B,BFLOAT8_B,False,DEV_0_DRAM_INTERLEAVED,,,,446466.0,UpdateKVCacheOperation
1749,0.23275655814795096,,SliceDeviceOperation,1,0.912,9.726,8,,,,,BF16 => BF16,BFLOAT16,BFLOAT16,nan,False,DEV_0_DRAM_INTERLEAVED,,,,447489.0,SliceDeviceOperation
1751,0.25647418449053216,,CloneOperation,3,1.024,10.698,8,,,,,BF16 => BFP8,BFLOAT8_B,BFLOAT16,nan,False,DEV_0_DRAM_INTERLEAVED,,,,448515.0,CloneOperation
1755,0.15935006702308016,,UpdateKVCacheOperation,3,1.96,5.323,2,,,,,"BFP8, BFP8 => BFP8",BFLOAT8_B,BFLOAT8_B,BFLOAT8_B,False,DEV_0_DRAM_INTERLEAVED,,,,449539.0,UpdateKVCacheOperation
1762,0.21643428024060257,,SliceDeviceOperation,0,0.889,9.003,8,,,,,BF16 => BF16,BFLOAT16,BFLOAT16,nan,False,DEV_0_DRAM_INTERLEAVED,,,,450560.0,SliceDeviceOperation
1763,0.26459156398600964,,CloneOperation,3,1.044,11.049,8,,,,,BF16 => BFP8,BFLOAT8_B,BFLOAT16,nan,False,DEV_0_DRAM_INTERLEAVED,,,,451587.0,CloneOperation
1768,0.20190614011931668,,UpdateKVCacheOperation,2,1.99,7.238,2,,,,,"BFP8, BFP8 => BFP8",BFLOAT8_B,BFLOAT8_B,BFLOAT8_B,False,DEV_0_DRAM_INTERLEAVED,,,,452610.0,UpdateKVCacheOperation
1772,2.0336989399599443,,SDPAOperation,2,43.781,49.168,64,,,,,"BF16, BF16 => BF16",BFLOAT16,BFLOAT16,BFLOAT16,False,DEV_0_DRAM_INTERLEAVED,,,,453634.0,SDPAOperation
1775,0.7078748755180162,,NLPConcatHeadsDeviceOperation,3,31.689,0.664,32,,,,,BF16 => BF16,BFLOAT16,BFLOAT16,nan,False,DEV_0_DRAM_INTERLEAVED,,,,454659.0,NLPConcatHeadsDeviceOperation
1779,1.3764318778463474,,ReshapeViewDeviceOperation,3,62.433,0.476,110,,,,,BF16 => BF16,BFLOAT16,BFLOAT16,nan,False,DEV_0_DRAM_INTERLEAVED,,,,455683.0,ReshapeViewDeviceOperation
1785,1.494035421749829,SLOW,MatmulDeviceOperation 544 x 2048 x 5120,1,67.796,0.488,90.0,192.36627529647765,37.57153814384329,168.27699097291875,33.81337427921625,LoFi BF16 x BFP4 => BF16,BFLOAT16,BFLOAT16,BFLOAT4_B,False,DEV_0_DRAM_INTERLEAVED,8,1,4,456705.0,MatmulDeviceOperation
1787,5.057302463515277,,ReduceScatterMinimalAsyncDeviceOperation,0,86.571,144.57,12,,,,,BF16 => BF16,BFLOAT16,BFLOAT16,nan,False,DEV_0_DRAM_INTERLEAVED,,,,457728.0,ReduceScatterMinimalAsyncDeviceOperation
1793,0.2687049530564942,,BinaryNgDeviceOperation,1,11.779,0.502,110,,,,,"BF16, BF16 => BF16",BFLOAT16,BFLOAT16,BFLOAT16,False,DEV_0_DRAM_INTERLEAVED,,,,458753.0,BinaryNgDeviceOperation
1795,3.5781179078909346,,AllGatherAsyncDeviceOperation,0,81.11875,82.417,12,,,,,BF16 => BF16,BFLOAT16,BFLOAT16,nan,False,DEV_0_DRAM_INTERLEAVED,,,,459776.0,AllGatherAsyncDeviceOperation
1799,1.6460776592540698,,LayerNormDeviceOperation,3,74.644,0.589,17,,,,,"BF16, BF16 => BF16",BFLOAT16,BFLOAT16,BFLOAT16,False,DEV_0_DRAM_INTERLEAVED,,,,460803.0,LayerNormDeviceOperation
1805,3.522680144288061,SLOW,MatmulDeviceOperation 544 x 5120 x 6400,1,160.429,0.573,90.0,180.25269745494887,35.2056049716697,222.22655504927408,44.65393419039233,LoFi BF16 x BFP4 => BF16,BFLOAT16,BFLOAT16,BFLOAT4_B,False,DEV_0_DRAM_INTERLEAVED,10,1,4,461825.0,MatmulDeviceOperation
1809,3.5469228841290015,SLOW,MatmulDeviceOperation 544 x 5120 x 6400,1,161.576,0.534,90.0,178.97311481903253,34.95568648809229,220.64900727830866,44.33694365642455,LoFi BF16 x BFP4 => BF16,BFLOAT16,BFLOAT16,BFLOAT4_B,False,DEV_0_DRAM_INTERLEAVED,10,1,4,462849.0,MatmulDeviceOperation
1812,1.2441251559887934,,BinaryNgDeviceOperation,2,56.306,0.556,110,,,,,"BF16, BF16 => BF16",BFLOAT16,BFLOAT16,BFLOAT16,False,DEV_0_DRAM_INTERLEAVED,,,,463874.0,BinaryNgDeviceOperation
1816,3.510318097347509,SLOW,MatmulDeviceOperation 544 x 6400 x 5120,2,159.904,0.533,90.0,180.8445067040224,35.32119271562937,222.9561737042225,44.80054287716662,LoFi BF16 x BFP4 => BF16,BFLOAT16,BFLOAT16,BFLOAT4_B,False,DEV_0_DRAM_INTERLEAVED,10,1,4,464898.0,MatmulDeviceOperation
1819,1.914153570098987,,ReduceScatterMinimalAsyncDeviceOperation,0,86.92125,0.564,12,,,,,BF16 => BF16,BFLOAT16,BFLOAT16,nan,False,DEV_0_DRAM_INTERLEAVED,,,,465920.0,ReduceScatterMinimalAsyncDeviceOperation
1825,0.2705209705716549,,BinaryNgDeviceOperation,1,11.844,0.52,110,,,,,"BF16, BF16 => BF16",BFLOAT16,BFLOAT16,BFLOAT16,False,DEV_0_DRAM_INTERLEAVED,,,,466945.0,BinaryNgDeviceOperation
1829,1.086175391628006,,ReshapeViewDeviceOperation,1,49.154,0.489,110,,,,,BF16 => BF16,BFLOAT16,BFLOAT16,nan,False,DEV_0_DRAM_INTERLEAVED,,,,467969.0,ReshapeViewDeviceOperation
